Neighborhood,area,population,avg household size,avg number of cars apts,avg number of cars houses,males,med age females,med age males,med household income,med rent,pct born in another us state,pct born in state,pct families with children,pct family household,pct foreign born residents,pct married couple,pct native residents born outside us,pct never married females > 15,pct never married males > 15,pct not speak English well,pct single mother,pct units mortgage,Park,Pool,Trail,Pizza Place,Convenience Store,cluster,map_cluster,avg number of cars
"Alexander Place Townhomes, Raleigh, NC",0.08900000000000001,12,2.2,1.6462395543175488,1.9,6.0,37.9,38.0,77721.0,1159.0,0.6,39.4,39.2,50.2,1.9,56.5,7.4,10.0,12.6,52.6,7.9,0.0,0.0,0.2,0.0,0.0,0.0,4,13.0,1.6462395543175488
"Alpha, Raleigh, NC",0.005,29,2.4,1.7,1.7,10.0,24.0,33.5,45978.0,677.0,38.7,53.3,7.9,60.8,7.7,34.3,0.3,41.0,17.5,0.0,33.8,87.7,0.0,0.3333333333333333,0.0,0.0,0.0,8,15.0,1.7
"Amberfield, Raleigh, NC",0.091,55,2.3,1.7,1.8,26.0,40.8,36.0,53929.0,895.0,42.0,45.8,25.0,37.7,10.9,34.1,1.3,24.9,22.6,0.0,19.1,86.6,0.0,0.0,0.0,0.0,0.0,0,12.0,1.7
"Ammondale, Raleigh, NC",0.026000000000000002,71,2.5,1.3,2.1,33.0,32.6,30.9,34719.0,693.0,30.5,43.2,23.9,60.2,25.0,40.0,1.3,17.8,17.6,4.7,11.2,84.7,0.0,0.0,0.0,0.0,0.0,5,,1.3
"Anderson Forest, Raleigh, NC",0.027000000000000003,33,2.3,1.6,2.2,15.0,41.3,42.4,76395.0,1454.0,30.2,64.5,35.0,41.9,4.6,63.0,0.7,12.8,14.3,0.0,5.9,57.3,0.0,0.0,0.5,0.0,0.0,4,13.0,1.6
"Anderson Heights, Raleigh, NC",0.37,964,2.8,1.9,2.3,485.0,39.2,45.1,161702.0,1125.0,32.7,62.0,32.5,66.2,3.2,77.0,2.2,8.5,6.8,0.0,1.8,72.3,0.3333333333333333,0.0,0.3333333333333333,0.0,0.0,12,5.0,1.9
"Arbor Chase, Raleigh, NC",0.043,15,2.3,1.1,1.6,6.0,37.8,36.2,54200.0,795.0,39.7,36.8,26.0,59.3,21.5,51.8,2.0,19.9,9.2,0.0,19.1,81.9,0.0,0.25,0.0,0.0,0.0,0,12.0,1.1
"Arbor at Harrington Grove, Raleigh, NC",0.062,8,2.2,1.6462395543175488,1.9,4.0,37.9,38.0,77721.0,1159.0,0.6,39.4,40.9,50.2,1.9,56.5,7.4,10.0,12.6,52.6,8.3,0.0,0.3333333333333333,0.3333333333333333,0.0,0.0,0.0,4,13.0,1.6462395543175488
"Ashley Park, Raleigh, NC",0.04,157,2.6,2.0,1.8,81.0,46.2,39.1,70461.0,1186.0,46.3,49.2,35.2,50.6,2.7,61.5,1.8,9.6,14.3,0.0,3.5,74.2,0.0,0.0,0.0,0.05,0.0,15,6.0,2.0
"Ashley Ridge, Raleigh, NC",0.015,41,2.6,1.6,2.1,18.0,44.8,48.3,120583.0,853.0,52.6,40.0,38.3,62.3,6.6,77.1,0.7,7.1,6.0,0.0,0.8,78.7,0.25,0.0,0.0,0.0,0.0,6,8.0,1.6
"Athens, Raleigh, NC",0.073,64,3.9,1.8,2.0,33.0,45.1,40.5,101903.0,1092.0,37.0,39.4,23.0,47.3,21.8,52.3,1.8,14.1,23.6,2.7,8.7,75.5,0.0,0.0,0.0,0.0,0.2,11,14.0,1.8
"Auburn Hills, Raleigh, NC",0.135,39,2.7,1.8,2.3,17.0,42.0,44.5,53409.0,631.0,31.9,62.2,11.5,60.5,5.5,45.8,0.5,15.2,14.5,0.0,15.7,60.1,0.3333333333333333,0.3333333333333333,0.0,0.0,0.0,0,12.0,1.8
"Avallon, Raleigh, NC",0.018000000000000002,49,2.3,1.5,2.2,23.0,39.0,41.1,123293.0,1207.0,46.3,42.9,35.4,47.5,10.3,54.1,0.6,14.4,15.5,0.0,3.1,66.9,0.25,0.0,0.0,0.0,0.0,6,8.0,1.5
"Avington Place, Raleigh, NC",0.084,30,2.3,1.1,1.6,13.0,37.8,36.2,54200.0,795.0,39.7,36.8,25.4,59.3,21.5,51.8,2.0,19.9,9.2,3.4,18.7,81.9,0.5,0.0,0.0,0.0,0.0,0,12.0,1.1
"Bagwell, Raleigh, NC",0.028999999999999998,160,2.3,1.5,1.8,64.0,27.9,43.8,52887.0,1195.0,38.7,53.3,30.4,36.8,7.7,31.1,0.3,29.9,15.3,0.0,12.5,65.2,0.0,0.0,0.0,0.10714285714285714,0.0,0,12.0,1.5
"Baileycroft, Raleigh, NC",0.023,36,2.2,1.4,1.8,16.0,40.9,40.8,55078.0,861.0,44.4,45.0,26.8,32.6,10.2,29.9,0.4,22.9,16.6,0.0,5.5,78.1,0.0,0.3333333333333333,0.3333333333333333,0.0,0.0,0,12.0,1.4
"Banbury Woods Place, Raleigh, NC",0.001,3,1.9,1.6,1.9,1.0,48.3,33.3,91731.0,869.0,38.7,53.3,42.1,32.9,7.7,38.3,0.3,11.1,28.4,0.0,11.2,60.7,0.0,0.0,0.0,0.0,0.0,2,7.0,1.6
"Battery Heights, Raleigh, NC",0.087,328,2.4,0.8,1.7,136.0,44.0,34.3,35630.0,613.0,28.8,64.2,8.5,35.3,6.4,18.8,0.5,19.0,25.2,2.3,30.5,70.4,0.16666666666666666,0.0,0.0,0.0,0.0,5,,0.8
"Bedford Heights, Raleigh, NC",0.011000000000000001,48,2.3,1.4,1.9,18.0,21.8,45.4,28214.0,1309.0,38.7,53.3,22.8,32.5,7.7,27.8,0.3,37.9,12.3,0.0,20.6,64.5,0.16666666666666666,0.0,0.0,0.0,0.0,13,9.0,1.4
"Bellevue Terrace, Raleigh, NC",0.08900000000000001,109,2.4,1.6,2.2,52.0,49.3,51.7,99444.0,1486.0,30.1,65.8,36.7,41.4,3.4,65.0,0.6,12.6,13.3,0.0,5.4,56.7,0.0,0.0,0.0,0.0,0.0,19,4.0,1.6
"Bembridge, Raleigh, NC",0.03,73,2.6,1.8,1.9,29.0,35.9,36.5,95333.0,1383.0,46.2,43.3,33.7,57.8,10.1,58.2,0.4,15.8,9.2,0.0,5.1,85.0,1.0,0.0,0.0,0.0,0.0,2,7.0,1.8
"Bennett Place, Raleigh, NC",0.018000000000000002,48,2.6,1.6,2.1,21.0,44.8,48.3,120583.0,853.0,52.6,40.0,37.6,62.3,6.6,77.1,0.7,7.1,6.0,0.0,0.8,78.7,0.0,0.0,0.0,0.15384615384615385,0.0,6,8.0,1.6
"Bennett Woods, Raleigh, NC",0.012,38,2.1,1.1,1.4,17.0,31.8,34.6,44079.0,671.0,37.6,55.3,21.6,50.3,5.9,27.1,1.2,22.6,16.0,0.0,25.8,79.0,0.3333333333333333,0.0,0.0,0.0,0.0,8,15.0,1.1
"Blenheim Place, Raleigh, NC",0.095,185,1.8,1.1,2.0,90.0,55.6,49.1,77708.0,789.0,38.2,56.0,48.5,23.1,5.5,40.9,0.3,18.4,18.5,0.0,7.4,65.4,0.0,0.5,0.0,0.0,0.0,4,13.0,1.1
"Blue Moon Ridge, Raleigh, NC",0.013999999999999999,36,1.9,1.6,1.9,23.0,48.3,33.3,91731.0,869.0,38.7,53.3,42.1,32.9,7.7,38.3,0.3,11.1,28.4,0.0,11.2,60.7,0.0,0.0,0.0,0.0,0.0,2,7.0,1.6
"Bolton, Raleigh, NC",0.032,97,2.6,1.7,2.1,50.0,44.3,37.0,94000.0,745.0,39.7,52.0,38.1,50.0,7.1,59.7,1.1,12.5,18.4,0.0,1.2,59.7,0.0,0.0,0.0,0.0,0.0,2,7.0,1.7
"Boylan Heights, Raleigh, NC",0.106,403,1.9,1.6,1.6,180.0,39.2,35.8,48068.0,727.0,48.7,46.9,39.6,32.1,4.0,27.5,0.4,20.8,19.5,0.0,2.4,81.5,0.0,0.0,0.25,0.0,0.0,9,17.0,1.6
"Breeland Park, Raleigh, NC",0.045,41,2.6,1.2,2.1,17.0,42.3,44.4,110083.0,1031.0,53.2,39.1,32.9,57.3,7.3,68.1,0.5,7.6,6.4,0.0,5.2,78.6,0.0,0.0,0.0,0.0,0.0,14,16.0,1.2
"Breezy Heights, Raleigh, NC",0.005,18,2.1,1.1,1.4,8.0,31.8,34.6,44079.0,671.0,37.6,55.3,21.2,50.3,5.9,27.1,1.2,22.6,16.0,0.0,25.4,79.0,0.0,0.0,0.0,0.0,0.0,8,15.0,1.1
"Brentwood, Raleigh, NC",0.797,780,2.4,1.7,1.8,442.0,47.7,33.2,59583.0,889.0,34.9,45.3,13.9,65.4,18.1,38.1,1.6,13.4,29.4,4.4,20.3,74.3,0.0,0.0,0.0,0.0,0.0,10,18.0,1.7
"Briarcliff, Raleigh, NC",0.05,118,2.7,2.5,2.2,60.0,43.1,37.8,113750.0,982.0,36.9,54.2,32.4,53.0,6.7,68.8,2.3,9.7,11.5,0.0,4.2,69.2,0.0,0.25,0.0,0.0,0.0,14,16.0,2.5
"Briarwood North, Raleigh, NC",0.09300000000000001,152,2.3,1.5,2.2,76.0,43.6,39.7,93413.0,917.0,47.8,45.5,35.1,48.8,4.7,58.9,2.0,12.5,12.2,0.7,6.9,71.6,0.0,0.0,0.25,0.0,0.0,2,7.0,1.5
"Bridgewater, Raleigh, NC",0.027999999999999997,25,2.6,1.2,2.1,10.0,42.3,44.4,110083.0,1031.0,53.2,39.1,33.3,57.3,7.3,68.1,0.5,7.6,6.4,0.0,5.3,78.6,0.0,0.0,0.0,0.0,0.0,14,16.0,1.2
"Brook Forest Townhomes, Raleigh, NC",0.021,47,2.5,1.0,2.1,22.0,40.9,44.1,68036.0,698.0,30.7,45.0,27.3,50.1,22.7,55.5,1.6,15.3,19.2,2.2,3.3,56.1,0.0,0.0,0.0,0.0,0.0,15,6.0,1.0
"Brookdale, Raleigh, NC",0.040999999999999995,103,2.6,1.8,1.9,41.0,35.9,36.5,95333.0,1383.0,46.2,43.3,33.6,57.8,10.1,58.2,0.4,15.8,9.2,0.0,5.1,85.0,0.0,0.0,0.0,0.0,0.0,2,7.0,1.8
"Brookdale, Raleigh, NC",0.040999999999999995,103,2.6,1.8,1.9,41.0,35.9,36.5,95333.0,1383.0,46.2,43.3,33.6,57.8,10.1,58.2,0.4,15.8,9.2,0.0,5.1,85.0,0.0,0.0,0.0,0.0,0.0,2,7.0,1.8
"Brookhaven, Raleigh, NC",0.9079999999999999,2596,1.9,1.2,2.3,1298.0,36.8,38.2,53136.0,843.0,46.2,43.3,34.5,39.9,10.1,40.5,0.4,15.0,10.1,1.5,13.2,69.9,0.0,0.0,0.5,0.0,0.0,0,12.0,1.2
"Brooklyn (Glenwood), Raleigh, NC",0.24,1214,5.5,1.2,1.5,657.0,35.7,37.6,56745.0,864.0,48.2,45.5,40.0,24.8,5.8,21.2,0.4,23.4,26.8,0.0,2.6,85.8,0.022727272727272728,0.0,0.0,0.022727272727272728,0.0,0,12.0,1.2
"Brooklyn Hill, Raleigh, NC",0.006,29,1.6,1.2,1.5,15.0,33.2,38.0,60882.0,871.0,48.3,45.4,39.3,25.6,5.9,21.6,0.4,23.9,27.1,0.0,2.5,85.7,0.022727272727272728,0.0,0.0,0.022727272727272728,0.0,10,18.0,1.2
"Brookshire, Raleigh, NC",0.009000000000000001,37,2.2,1.4,1.9,15.0,37.9,42.5,60913.0,976.0,42.6,43.0,30.8,47.5,11.6,44.0,2.7,19.7,15.9,0.0,13.2,72.0,0.5,0.0,0.0,0.0,0.0,10,18.0,1.4
"Brookside Dr, Raleigh, NC",0.003,8,2.5,1.6,1.7,3.0,40.5,39.8,50081.0,745.0,37.6,55.3,18.6,51.0,5.9,32.0,1.2,8.4,18.4,0.0,12.4,80.4,0.0,0.0,0.0,0.0,0.0,9,17.0,1.6
"Brookview, Raleigh, NC",0.015,38,2.5,1.6,1.7,18.0,40.5,39.8,50081.0,745.0,37.6,55.3,18.6,51.0,5.9,32.0,1.2,8.4,18.4,2.8,12.4,80.4,0.3333333333333333,0.0,0.0,0.3333333333333333,0.16666666666666666,9,17.0,1.6
"Bryn Mawr, Raleigh, NC",0.122,206,2.8,1.8,2.0,108.0,32.1,28.8,72538.0,777.0,37.0,39.4,23.0,47.3,21.8,52.3,1.8,14.1,23.6,6.6,8.7,75.5,0.0,0.5,0.0,0.0,0.0,15,6.0,1.8
"Budleigh, Raleigh, NC",0.4320000000000001,1089,2.6,2.2,2.0,509.0,44.3,42.4,142379.0,1762.0,37.3,57.9,34.7,49.6,4.1,68.7,0.7,7.2,9.6,0.3,1.3,66.5,0.0,0.0,0.0,0.0,0.0,1,1.0,2.2
"Calender, Raleigh, NC",0.002,2,2.5,1.8,2.2,1.0,37.5,32.9,74803.0,928.0,34.4,38.8,45.1,63.2,26.8,60.8,0.0,8.8,17.3,0.0,22.4,90.6,0.0,0.0,0.0,0.1111111111111111,0.1111111111111111,4,13.0,1.8
"Cambridge, Raleigh, NC",0.11699999999999999,148,2.4,1.2,2.2,61.0,40.1,45.4,78250.0,846.0,54.3,40.8,21.9,62.3,1.8,52.7,3.3,19.8,6.4,0.0,11.1,81.6,1.0,0.0,0.0,0.0,0.0,4,13.0,1.2
"Cambridge, Raleigh, NC",0.11699999999999999,148,2.4,1.2,2.2,61.0,40.1,45.4,78250.0,846.0,54.3,40.8,21.9,62.3,1.8,52.7,3.3,19.8,6.4,0.0,11.1,81.6,1.0,0.0,0.0,0.0,0.0,4,13.0,1.2
"Cambridge, Raleigh, NC",0.11699999999999999,148,2.4,1.2,2.2,61.0,40.1,45.4,78250.0,846.0,54.3,40.8,21.9,62.3,1.8,52.7,3.3,19.8,6.4,0.0,11.1,81.6,1.0,0.0,0.0,0.0,0.0,4,13.0,1.2
"Cameron Park, Raleigh, NC",0.19899999999999998,2353,1.8,1.6,2.0,1176.5,26.9,29.0,34804.0,1011.0,46.0,47.4,21.5,20.6,5.3,21.2,1.4,31.5,42.2,0.4,5.9,74.1,0.0,0.0,0.0,0.0,0.0,5,,1.6
"Cameron Village, Raleigh, NC",0.067,427,1.6,1.3,1.9,171.0,33.6,30.9,76208.0,1183.0,45.9,47.5,61.4,22.6,5.3,28.3,1.4,25.1,17.8,0.2,7.1,79.2,0.0,0.0,0.0,0.04166666666666666,0.0,4,13.0,1.3
"Capitol Heights, Raleigh, NC",0.046,119,2.5,1.6,1.7,58.0,40.5,39.8,50081.0,745.0,37.6,55.3,18.6,51.0,5.9,32.0,1.2,8.4,18.4,3.5,12.4,80.4,0.16666666666666666,0.0,0.0,0.3333333333333333,0.16666666666666666,9,17.0,1.6
"Cardinal Grove, Raleigh, NC",0.201,73,2.3,1.1,1.6,31.0,37.8,36.2,54200.0,795.0,39.7,36.8,25.0,59.3,21.5,51.8,2.0,19.9,9.2,7.2,18.3,81.9,0.0,0.16666666666666666,0.0,0.0,0.0,0,12.0,1.1
"Cardinal Hills, Raleigh, NC",0.253,426,2.8,1.8,2.0,223.0,32.1,28.8,72538.0,777.0,37.0,39.4,23.0,47.3,21.8,52.3,1.8,14.1,23.6,6.4,8.7,75.5,1.0,0.0,0.0,0.0,0.0,15,6.0,1.8
"Carolina Country Club, Raleigh, NC",0.009000000000000001,7,2.5,1.3,2.5,3.0,54.2,58.1,208158.0,1125.0,32.7,62.0,42.5,48.8,3.2,76.1,2.2,9.7,3.9,0.0,2.6,62.6,0.0,0.0,0.0,0.0,0.0,7,3.0,1.3
"Carriage Hills, Raleigh, NC",0.043,121,2.3,1.5,2.2,57.0,39.0,41.1,123293.0,1207.0,46.3,42.9,34.9,47.5,10.3,54.1,0.6,14.4,15.5,0.0,3.1,66.9,0.16666666666666666,0.0,0.0,0.0,0.0,6,8.0,1.5
"Carters Mill, Raleigh, NC",0.006,2,2.2,4.1,1.7,1.0,52.4,41.7,49125.0,678.0,22.5,66.1,55.3,32.8,10.7,38.4,0.8,13.2,25.1,0.0,89.4,85.3,0.0,0.0,0.0,0.047619047619047616,0.0,9,17.0,4.1
"Cedar Hills Estates, Raleigh, NC",0.003,3,1.6,0.8,1.6,1.0,54.9,36.9,81406.0,751.0,42.6,43.0,35.7,32.9,11.6,31.2,2.7,9.2,19.4,0.0,9.3,57.4,0.25,0.0,0.0,0.0,0.0,16,2.0,0.8
"Cedar Village, Raleigh, NC",0.003,5,2.5,1.8,2.2,2.0,37.5,32.9,74803.0,928.0,34.4,38.8,40.6,63.2,26.8,60.8,0.0,8.8,17.3,0.0,20.2,90.6,0.0,0.0,0.0,0.125,0.125,4,13.0,1.8
"Cedarwoods Country Estates, Raleigh, NC",0.033,13,2.2,4.1,1.7,8.0,52.4,41.7,49125.0,678.0,22.5,66.1,45.7,32.8,10.7,38.4,0.8,13.2,25.1,0.0,73.9,85.3,0.0,0.0,0.0,0.0,0.0,9,17.0,4.1
"Chadleigh Pointe, Raleigh, NC",0.019,46,2.2,2.0,1.8,24.0,37.3,34.4,76516.0,740.0,54.2,39.7,33.6,49.9,5.2,44.3,0.9,13.0,20.1,0.0,12.8,76.3,0.0,0.5,0.0,0.0,0.0,4,13.0,2.0
"Chestnut Hills, Raleigh, NC",0.239,352,2.3,1.4,2.1,175.0,43.6,39.7,93413.0,895.0,50.3,43.6,35.7,47.4,4.3,55.6,1.9,13.6,12.5,1.2,8.3,72.6,0.0,0.25,0.0,0.0,0.0,2,7.0,1.4
"Chippenham Square, Raleigh, NC",0.017,47,2.6,1.6,2.1,21.0,44.8,48.3,120583.0,853.0,52.6,40.0,37.6,62.3,6.6,77.1,0.7,7.1,6.0,0.0,0.8,78.7,0.0,0.0,0.0,0.16666666666666666,0.0,6,8.0,1.6
"Churchill Woods, Raleigh, NC",0.012,35,2.6,1.7,2.1,18.0,44.3,37.0,94000.0,745.0,39.7,52.0,38.7,50.0,7.1,59.7,1.1,12.5,18.4,0.0,1.2,59.7,0.0,0.0,0.0,0.0,0.0,2,7.0,1.7
"Claridge, Raleigh, NC",0.006999999999999999,9,2.4,1.2,2.2,3.0,40.1,45.4,78250.0,846.0,54.3,40.8,22.5,62.3,1.7,52.7,3.3,19.8,6.4,0.0,11.4,81.6,0.0,0.0,0.0,0.0,0.3333333333333333,4,13.0,1.2
"Cobblestone, Raleigh, NC",0.083,30,2.3,1.1,1.6,13.0,37.8,36.2,54200.0,795.0,39.7,36.8,25.2,59.3,21.5,51.8,2.0,19.9,9.2,0.0,18.5,81.9,0.0,0.0,0.0,0.0,0.0,0,12.0,1.1
"Coley, Raleigh, NC",0.237,464,2.4,1.2,2.1,234.0,59.8,51.1,131622.0,1754.0,38.2,56.0,41.5,39.7,5.5,57.4,0.3,11.4,12.3,0.2,2.5,59.2,0.0,0.0,0.0,0.0,0.0,6,8.0,1.2
"College Crest, Raleigh, NC",0.013000000000000001,97,2.4,1.5,1.7,40.0,34.8,41.9,81179.0,961.0,38.7,53.3,34.0,42.3,7.7,35.2,0.3,18.6,19.6,0.0,8.2,65.8,0.0,0.0,0.04,0.08,0.0,16,2.0,1.5
"Collingwood, Raleigh, NC",0.003,5,2.4,1.6,1.7,2.0,33.2,36.9,40338.0,827.0,25.3,67.5,5.3,34.0,6.7,31.8,0.5,33.4,18.0,0.0,40.6,76.3,0.0,0.0,0.0,0.0,0.0,8,15.0,1.6
"Colony Woods, Raleigh, NC",0.059000000000000004,85,1.6,0.8,1.6,43.0,54.9,36.9,81406.0,751.0,42.6,43.0,27.2,32.9,11.6,31.2,2.7,9.2,19.4,0.0,7.0,57.4,0.25,0.0,0.0,0.0,0.0,16,2.0,0.8
"Community Dr, Raleigh, NC",0.002,2,3.6,1.0,1.6,1.0,42.2,27.7,29928.0,737.0,24.2,67.6,20.8,32.1,7.6,19.6,0.5,24.4,25.2,0.0,18.2,79.3,0.0,0.0,0.0,0.0,0.0,13,9.0,1.0
"Cottonwood, Raleigh, NC",0.047,48,3.9,1.6462395543175488,2.1,20.0,41.5,34.1,62288.0,1014.0,3.5,26.9,18.6,65.8,2.3,45.8,16.4,23.4,18.4,53.2,12.5,0.0,0.0,0.0,0.0,0.0,0.0,10,18.0,1.6462395543175488
"Country Club View, Raleigh, NC",0.033,37,3.0,1.2,2.8,17.0,31.0,31.4,33114.0,769.0,20.4,57.5,10.3,54.1,21.1,16.6,1.0,28.1,29.8,14.8,22.9,37.5,0.0,0.0,0.0,0.0,0.0,5,,1.2
"Country Club Villas, Raleigh, NC",0.105,297,2.3,1.9,2.3,144.0,43.0,46.3,154249.0,943.0,35.0,60.5,34.9,48.6,3.1,49.2,1.4,16.5,16.2,0.0,7.8,71.8,0.0,0.0,0.0,0.0,0.0,1,1.0,1.9
"Courtney Place, Raleigh, NC",0.001,2,2.5,1.8,2.2,1.0,37.5,32.9,74803.0,928.0,34.4,38.8,45.1,63.2,26.8,60.8,0.0,8.8,17.3,0.0,22.4,90.6,0.0,0.0,0.0,0.0,0.0,4,13.0,1.8
"Crabtree Heights, Raleigh, NC",0.034,40,2.3,1.6,1.9,21.0,33.1,32.8,52589.0,834.0,30.7,45.0,14.6,48.7,22.7,31.8,1.6,16.8,30.4,0.0,12.3,81.7,0.0,0.0,0.0,0.08333333333333333,0.027777777777777776,0,12.0,1.6
"Creekside, Raleigh, NC",0.043,14,3.0,3.0,2.4,7.0,55.1,45.9,105689.0,1257.0,36.9,58.2,25.3,62.7,4.3,71.6,0.6,9.9,13.5,0.0,13.6,68.3,0.0,0.0,0.0,0.03225806451612903,0.03225806451612903,11,14.0,3.0
"Crestview, Raleigh, NC",0.022000000000000002,87,2.6,2.0,1.8,45.0,46.2,39.1,70461.0,1186.0,46.3,49.2,35.5,50.6,2.7,61.5,1.8,9.6,14.3,0.0,3.6,74.2,0.0,0.0,0.0,0.0,0.0,15,6.0,2.0
"Cross Link Trace, Raleigh, NC",0.023,9,2.2,4.1,1.7,5.0,52.4,41.7,49125.0,678.0,22.5,66.1,45.3,32.8,10.7,38.4,0.8,13.2,25.1,0.0,73.2,85.3,0.0,0.0,0.0,0.0,0.0,9,17.0,4.1
"Crown Oaks, Raleigh, NC",0.077,122,2.2,1.4,1.8,54.0,40.9,40.8,55078.0,861.0,44.4,45.0,26.5,32.6,10.2,29.9,0.4,22.9,16.6,0.9,5.4,78.1,0.0,0.0,0.15384615384615385,0.0,0.0,0,12.0,1.4
"Dacian Valley, Raleigh, NC",0.037000000000000005,66,3.6,1.0,1.6,35.0,42.2,27.7,29928.0,737.0,24.2,67.6,15.0,32.1,7.6,19.6,0.5,24.4,25.2,4.8,13.1,79.3,0.0,0.0,0.0,0.0,0.0,13,9.0,1.0
"Dairyland, Raleigh, NC",0.039,63,2.5,1.4,2.2,34.0,47.2,41.3,122970.0,1192.0,39.3,53.1,40.0,53.4,6.7,59.5,0.9,13.2,15.2,1.7,2.9,58.8,0.0,0.3333333333333333,0.0,0.0,0.0,6,8.0,1.4
"Dandridge Downs, Raleigh, NC",0.013000000000000001,5,2.2,4.1,1.7,3.0,52.4,41.7,49125.0,678.0,22.5,66.1,47.0,32.8,10.7,38.4,0.8,13.2,25.1,0.0,76.0,85.3,0.25,0.0,0.0,0.0,0.0,9,17.0,4.1
"Darien Place, Raleigh, NC",0.005,6,2.4,1.3,2.5,3.0,29.3,32.6,46923.0,672.0,39.7,52.0,43.3,55.3,7.1,54.6,1.1,16.4,18.9,0.0,1.1,62.2,0.0,0.5,0.0,0.0,0.0,8,15.0,1.3
"Dartmoor, Raleigh, NC",0.016,25,2.2,1.4,1.8,11.0,40.9,40.8,55078.0,861.0,44.4,45.0,26.8,32.6,10.2,29.9,0.4,22.9,16.6,0.0,5.5,78.1,0.0,0.3333333333333333,0.0,0.0,0.0,0,12.0,1.4
"Dillmark Townhomes, Raleigh, NC",0.006999999999999999,2,2.8,1.3,2.5,1.0,38.2,42.1,51613.0,704.0,27.1,64.5,42.3,57.8,7.8,49.2,0.6,14.7,15.5,0.0,5.3,88.4,0.3333333333333333,0.0,0.0,0.0,0.3333333333333333,9,17.0,1.3
"Dixie Forest, Raleigh, NC",0.021,76,2.5,1.9,2.3,38.0,42.2,33.7,86354.0,897.0,38.8,53.2,27.3,28.2,7.7,27.4,0.4,16.6,34.3,0.0,13.7,58.0,0.0,0.0,0.0,0.25,0.0,16,2.0,1.9
"Drewry Hills, Raleigh, NC",0.26,320,2.6,1.6,2.2,152.0,45.6,48.1,120112.0,1486.0,30.1,65.8,36.4,41.5,3.4,65.1,0.6,12.6,13.3,0.3,5.4,56.7,0.3333333333333333,0.0,0.3333333333333333,0.0,0.0,6,8.0,1.6
"Dutchman Creek, Raleigh, NC",0.08199999999999999,29,2.8,1.3,2.5,13.0,38.2,42.1,51613.0,704.0,27.1,64.5,32.3,57.8,7.8,49.2,0.6,14.7,15.5,0.0,4.1,88.4,0.0,0.0,0.0,0.0,0.0,9,17.0,1.3
"Eagle Point, Raleigh, NC",0.018000000000000002,49,2.5,1.3,2.1,23.0,32.6,30.9,34719.0,693.0,30.5,43.2,23.9,60.2,25.0,40.0,1.3,17.8,17.6,6.8,11.2,84.7,0.0,0.0,0.0,0.0,0.0,5,,1.3
"Eastgate, Raleigh, NC",0.141,180,2.1,1.5,1.9,92.0,36.3,36.6,68726.0,1041.0,36.9,46.7,20.3,45.0,14.7,35.4,1.7,15.2,24.8,1.7,11.8,74.7,0.0,0.0,0.0,0.0,0.0,15,6.0,1.5
"Eastwood, Raleigh, NC",0.023,40,3.6,1.0,1.6,21.0,42.2,27.7,29928.0,737.0,24.2,67.6,15.1,32.1,7.6,19.6,0.5,24.4,25.2,5.3,13.2,79.3,0.0,0.0,0.0,0.0,0.0,13,9.0,1.0
"Eden Forest, Raleigh, NC",0.039,57,1.6,0.8,1.6,28.0,54.9,36.9,81406.0,751.0,42.6,43.0,27.1,32.9,11.6,31.2,2.7,9.2,19.4,0.0,7.0,57.4,0.3333333333333333,0.0,0.0,0.0,0.0,16,2.0,0.8
"Edgewater Townhomes, Raleigh, NC",0.031,8,2.6,1.8,2.1,4.0,35.5,34.5,47620.0,797.0,26.5,52.6,16.9,57.6,18.1,38.9,2.9,21.5,19.9,12.5,20.4,78.3,0.0,0.0,0.0,0.0,0.0,9,17.0,1.8
"Edgewater at Rogers Farm, Raleigh, NC",0.138,85,2.3,1.7,1.8,40.0,40.8,36.0,53929.0,895.0,42.0,45.8,24.8,37.7,10.9,34.1,1.3,24.9,22.6,0.0,18.9,86.6,0.0,0.5,0.0,0.0,0.0,0,12.0,1.7
"Edmund St, Raleigh, NC",0.037000000000000005,104,2.2,1.4,1.6,49.0,33.9,35.8,45493.0,703.0,37.6,55.3,19.5,50.7,5.9,30.0,1.2,13.4,17.6,2.1,18.2,79.9,0.14285714285714285,0.0,0.0,0.2857142857142857,0.14285714285714285,8,15.0,1.4
"Evans Mill, Raleigh, NC",0.035,44,2.4,1.2,2.2,18.0,40.1,45.4,78250.0,846.0,54.3,40.8,22.1,62.3,1.8,52.7,3.3,19.8,6.4,0.0,11.2,81.6,0.0,0.0,0.0,0.0,0.0,4,13.0,1.2
"Fairfax, Raleigh, NC",0.165,670,2.2,1.4,1.9,270.0,37.9,42.5,60913.0,976.0,42.6,43.0,30.3,47.5,11.6,44.0,2.7,19.7,15.9,0.3,13.0,72.0,0.0,0.0,0.0,0.0,0.0,10,18.0,1.4
"Fairfield, Raleigh, NC",0.008,15,1.9,1.5,1.6,8.0,40.6,31.7,69375.0,757.0,38.1,56.9,23.3,36.2,3.8,25.7,1.2,19.5,32.6,0.0,31.2,70.9,0.0,0.0,0.0,0.0625,0.0625,15,6.0,1.5
"Fairmont, Raleigh, NC",0.086,398,2.3,1.4,1.9,155.0,21.8,45.4,28214.0,1309.0,43.9,49.0,22.7,32.5,6.0,27.8,1.1,37.9,12.3,0.8,20.5,64.5,0.043478260869565216,0.0,0.0,0.06521739130434782,0.0,13,9.0,1.4
"Fairview Park, Raleigh, NC",0.015,80,2.5,1.7,2.0,39.0,38.0,40.3,103438.0,798.0,38.1,56.9,39.8,61.5,3.8,69.1,1.2,10.6,10.9,0.0,3.5,89.1,0.0,0.0,0.0,0.05555555555555555,0.0,11,14.0,1.7
"Fairway North, Raleigh, NC",0.03,44,2.5,1.8,2.2,23.0,37.5,32.9,74803.0,928.0,34.4,38.8,40.0,63.2,26.8,60.8,0.0,8.8,17.3,15.4,19.9,90.6,0.0,0.0,0.0,0.1,0.0,4,13.0,1.8
"Fairway Ridge, Raleigh, NC",0.017,28,2.8,1.8,2.0,15.0,32.1,28.8,72538.0,777.0,37.0,39.4,23.6,47.3,21.8,52.3,1.8,14.1,23.6,3.7,8.9,75.5,0.0,1.0,0.0,0.0,0.0,15,6.0,1.8
"Fallon Oaks, Raleigh, NC",0.004,21,2.5,1.7,2.0,10.0,38.0,40.3,103438.0,798.0,38.1,56.9,39.9,61.5,3.8,69.1,1.2,10.6,10.9,0.0,3.5,89.1,0.0,0.2,0.0,0.0,0.0,11,14.0,1.7
"Falls Church, Raleigh, NC",0.078,132,1.9,0.4,1.7,57.0,62.8,45.3,51481.0,2295.0,38.7,47.6,39.4,19.4,12.7,35.7,1.0,7.5,14.3,5.5,7.1,80.0,0.0,0.3333333333333333,0.0,0.0,0.0,9,17.0,0.4
"Farmington Woods, Raleigh, NC",0.126,45,2.8,1.3,2.5,20.0,38.2,42.1,51613.0,704.0,27.1,64.5,32.3,57.8,7.8,49.2,0.6,14.7,15.5,0.0,4.1,88.4,0.0,0.0,0.0,0.0,0.0,9,17.0,1.3
"Farrior Hills, Raleigh, NC",0.159,240,1.9,1.4,1.8,115.0,42.1,43.6,98654.0,1613.0,46.3,49.2,34.0,39.1,2.7,41.1,1.8,12.2,14.5,0.0,10.5,68.9,0.09090909090909093,0.0,0.0,0.0,0.0,19,4.0,1.4
"Fayetteville Street, Raleigh, NC",0.016,67,1.5,0.9,1.4,44.0,36.3,35.5,51386.0,974.0,51.8,44.4,18.2,21.4,3.2,18.0,0.7,13.9,47.5,0.0,21.9,87.0,0.25,0.0,0.25,0.0,0.0,9,17.0,0.9
"Fieldstream Farm, Raleigh, NC",0.068,183,2.6,1.6,2.1,82.0,44.8,48.3,120583.0,853.0,52.6,40.0,37.6,62.3,6.6,77.1,0.7,7.1,6.0,0.0,0.8,78.7,0.25,0.0,0.0,0.0,0.0,6,8.0,1.6
"Five Points Village, Raleigh, NC",0.003,6,1.9,1.5,1.6,3.0,40.6,31.7,69375.0,757.0,38.1,56.9,23.3,36.2,3.8,25.7,1.2,19.5,32.6,0.0,31.2,70.9,0.0,0.0,0.0,0.0,0.0,15,6.0,1.5
"Forest Acres, Raleigh, NC",0.052000000000000005,195,1.9,1.4,1.5,91.0,47.3,38.1,57803.0,908.0,38.1,56.9,18.1,39.6,3.8,32.8,1.2,14.7,9.9,0.0,15.4,75.6,0.0,0.0,0.0,0.0,0.0,0,12.0,1.4
"Forest Hills, Raleigh, NC",0.18100000000000002,792,2.2,1.5,1.8,330.0,29.9,38.2,51732.0,1067.0,38.7,53.3,20.1,41.1,7.7,31.7,0.3,35.0,16.2,0.0,24.0,69.2,0.5,0.0,0.0,0.0,0.0,9,17.0,1.5
"Forest Ridge, Raleigh, NC",0.005,12,2.5,1.0,2.1,5.0,40.9,44.1,68036.0,698.0,30.7,45.0,27.7,50.1,22.7,55.5,1.6,15.3,19.2,0.0,3.3,56.1,0.0,0.0,0.0,0.0,0.0,15,6.0,1.0
"Foxcroft, Raleigh, NC",0.762,469,2.3,1.7,1.8,223.0,40.8,36.0,53929.0,895.0,42.0,45.8,24.7,37.7,10.9,34.1,1.3,24.9,22.6,3.2,18.8,86.6,0.0,0.0,0.0,0.0,0.0,0,12.0,1.7
"Gadland Court Townhomes, Raleigh, NC",0.002,1,1.0,1.6462395543175488,259.8,0.5,0.0,0.0,50573.0,762.0,2.0,2.8,20.3,62.7,81.5,14.2,1.2,58.9,36.7,1.6,0.0,5.9,0.0,0.0,0.25,0.0,0.0,9,17.0,1.6462395543175488
"Gatewood, Raleigh, NC",0.047,129,2.2,1.5,1.7,59.0,35.0,36.4,46772.0,788.0,25.3,67.5,25.7,37.4,6.7,30.4,0.5,27.7,16.9,2.6,17.8,61.2,1.0,0.0,0.0,0.0,0.0,8,15.0,1.5
"Georgetown, Raleigh, NC",0.125,244,1.9,1.5,1.6,130.0,40.6,31.7,69375.0,757.0,38.1,56.9,23.1,36.2,3.8,25.7,1.2,19.5,32.6,1.2,30.9,70.9,0.0,0.0,0.0,0.0,0.0,15,6.0,1.5
"Glascock Street, Raleigh, NC",0.031,65,2.6,1.4,1.7,31.0,40.4,42.7,54284.0,857.0,37.6,55.3,19.1,50.8,5.9,30.8,1.2,11.1,17.9,2.0,15.9,80.1,0.0,0.0,0.0,0.125,0.0,0,12.0,1.4
"Glen Eden, Raleigh, NC",0.11800000000000001,14,0.6,1.3,2.1,7.0,3.4,3.0,7130.0,110.0,38.2,56.0,41.9,43.2,5.6,60.9,0.3,10.2,11.3,0.0,2.2,58.3,0.25,0.0,0.0,0.0,0.0,3,11.0,1.3
"Glen Forest, Raleigh, NC",0.141,395,2.3,1.5,2.2,185.0,39.0,41.1,123293.0,1207.0,46.3,42.9,34.9,47.5,10.3,54.1,0.6,14.4,15.5,0.0,3.1,66.9,0.0,0.2,0.2,0.0,0.0,6,8.0,1.5
"Glenanneve Place, Raleigh, NC",0.004,12,1.9,1.8,2.0,6.0,39.1,35.0,77179.0,831.0,36.5,59.7,26.3,40.5,3.0,31.8,0.8,20.8,23.1,0.0,15.4,64.5,0.0,0.0,0.0,0.09090909090909093,0.0,4,13.0,1.8
"Glenoe on Ferry, Raleigh, NC",0.026000000000000002,43,2.8,1.8,2.0,22.0,32.1,28.8,72538.0,777.0,37.0,39.4,23.1,47.3,21.8,52.3,1.8,14.1,23.6,2.4,8.7,75.5,0.0,0.3333333333333333,0.0,0.0,0.0,15,6.0,1.8
"Glenwood South, Raleigh, NC",0.225,1757,1.6,0.9,1.4,878.5,35.0,35.9,45869.0,699.0,49.2,45.3,72.0,9.4,4.9,10.0,0.5,16.3,26.5,0.5,31.0,90.2,0.0,0.0,0.0,0.047619047619047616,0.0,8,15.0,0.9
"Glenwood, Raleigh, NC",0.095,506,1.5,1.2,1.5,276.0,33.8,39.8,50824.0,855.0,48.3,45.4,41.2,23.4,5.9,20.1,0.4,23.2,26.5,0.0,2.8,85.9,0.09090909090909093,0.0,0.0,0.0,0.0,9,17.0,1.2
"Golden Forest, Raleigh, NC",0.036000000000000004,70,2.6,1.3,2.0,36.0,41.8,38.3,48750.0,651.0,23.9,53.7,15.0,42.1,19.3,41.8,3.1,19.8,17.7,7.5,1.2,73.9,0.0,0.0,0.0,0.0,0.5,9,17.0,1.3
"Grayson, Raleigh, NC",0.021,19,2.6,1.2,2.1,8.0,42.3,44.4,110083.0,1031.0,53.2,39.1,34.0,57.3,7.3,68.1,0.5,7.6,6.4,0.0,5.4,78.6,0.2,0.0,0.0,0.0,0.0,14,16.0,1.2
"Green Acres, Raleigh, NC",0.042,88,2.9,4.7,2.0,41.0,35.4,25.4,57859.0,841.0,26.9,57.8,16.1,61.0,12.5,49.3,2.8,24.1,16.7,6.0,4.1,64.3,0.25,0.0,0.25,0.0,0.0,0,12.0,4.7
"Green Acres, Raleigh, NC",0.042,88,2.9,4.7,2.0,41.0,35.4,25.4,57859.0,841.0,26.9,57.8,16.1,61.0,12.5,49.3,2.8,24.1,16.7,6.0,4.1,64.3,0.25,0.0,0.25,0.0,0.0,0,12.0,4.7
"Greenbriar, Raleigh, NC",0.3,621,2.4,1.5,2.3,298.0,42.4,26.6,52948.0,841.0,26.9,57.8,15.4,55.1,12.5,39.9,2.8,21.7,20.7,2.4,18.0,72.4,0.0,0.0,0.0,0.06666666666666668,0.0,0,12.0,1.5
"Greenbrook Park, Raleigh, NC",0.022000000000000002,64,3.6,1.6,1.7,39.0,23.5,25.4,33648.0,717.0,27.1,36.2,6.0,60.3,35.8,17.2,0.9,24.5,31.0,25.5,13.8,87.3,0.0,0.0,0.0,0.0,0.09090909090909093,5,,1.6
"Greencastle, Raleigh, NC",0.037000000000000005,108,3.6,1.6,1.7,66.0,23.5,25.4,33648.0,717.0,27.1,36.2,6.0,60.3,35.8,17.2,0.9,24.5,31.0,26.6,13.9,87.3,0.3333333333333333,0.0,0.0,0.0,0.0,5,,1.6
"Greenpark Towns, Raleigh, NC",0.012,35,3.6,1.6,1.7,21.0,23.5,25.4,33648.0,717.0,27.1,36.2,6.1,60.3,35.8,17.2,0.9,24.5,31.0,23.3,14.0,87.3,0.5,0.0,0.0,0.0,0.0,5,,1.6
"Greenwood Farms, Raleigh, NC",0.053,120,2.5,1.0,2.1,57.0,40.9,44.1,68036.0,698.0,30.7,45.0,27.1,50.1,22.7,55.5,1.6,15.3,19.2,2.5,3.2,56.1,0.0,0.0,0.0,0.0,0.0,15,6.0,1.0
"Grey, Raleigh, NC",0.003,1,1.0,1.6462395543175488,259.8,0.5,0.0,0.0,53929.0,895.0,1.8,10.9,24.9,31.4,86.6,22.6,1.7,42.0,45.8,1.3,0.0,5.5,0.0,0.0,0.0,0.04166666666666666,0.0,0,12.0,1.6462395543175488
"Greystone Manor, Raleigh, NC",0.011000000000000001,25,2.1,1.2,2.2,12.0,59.9,57.1,99318.0,872.0,54.2,39.7,46.8,34.8,5.2,72.5,0.9,3.2,5.5,0.0,14.2,73.4,0.0,1.0,0.0,0.0,0.0,19,4.0,1.2
"Greystone Park, Raleigh, NC",0.027999999999999997,63,2.1,1.2,2.2,32.0,59.9,57.1,99318.0,872.0,54.2,39.7,46.8,34.8,5.2,72.5,0.9,3.2,5.5,0.0,14.2,73.4,0.0,0.0,0.25,0.0,0.0,19,4.0,1.2
"Grove Park, Raleigh, NC",0.006999999999999999,52,2.4,1.5,1.7,22.0,34.8,41.9,81179.0,961.0,38.7,53.3,34.6,42.3,7.7,35.2,0.3,18.6,19.6,0.0,8.3,65.8,1.0,0.0,0.0,0.0,0.0,16,2.0,1.5
"Guard Hill, Raleigh, NC",0.005,20,2.6,2.0,1.8,10.0,46.2,39.1,70461.0,1186.0,46.3,49.2,35.2,50.6,2.7,61.5,1.8,9.6,14.3,0.0,3.5,74.2,0.0,0.1111111111111111,0.0,0.0,0.0,15,6.0,2.0
"Hamlin, Raleigh, NC",0.006999999999999999,8,2.4,1.6,2.2,4.0,49.3,51.7,99444.0,1486.0,30.1,65.8,38.9,41.4,3.4,65.0,0.6,12.6,13.3,0.0,5.8,56.7,0.0,0.0,0.5,0.0,0.0,19,4.0,1.6
"Hampton Oaks, Raleigh, NC",0.168,420,2.6,1.8,1.9,167.0,35.9,36.5,95333.0,1383.0,46.2,43.3,33.5,57.8,10.1,58.2,0.4,15.8,9.2,1.0,5.1,85.0,0.0,0.0,0.2222222222222222,0.0,0.0,2,7.0,1.8
"Hearthridge, Raleigh, NC",0.013999999999999999,30,2.1,1.2,2.2,15.0,59.9,57.1,99318.0,872.0,54.2,39.7,47.1,34.8,5.2,72.5,0.9,3.2,5.5,0.0,14.3,73.4,0.0,0.75,0.25,0.0,0.0,19,4.0,1.2
"Hedingham Village, Raleigh, NC",0.475,47,0.5,1.7,1.8,22.0,9.2,8.1,12115.0,201.0,42.0,45.8,25.2,37.7,10.9,34.1,1.3,24.9,22.6,2.5,19.2,86.6,0.0,0.5,0.0,0.0,0.0,17,0.0,1.7
"Hemsbury, Raleigh, NC",0.008,21,2.3,1.5,2.2,10.0,39.0,41.1,123293.0,1207.0,46.3,42.9,35.9,47.5,10.3,54.1,0.6,14.4,15.5,0.0,3.2,66.9,0.0,1.0,0.0,0.0,0.0,6,8.0,1.5
"Heritage Heights, Raleigh, NC",0.015,51,2.1,1.1,1.4,22.0,31.8,34.6,44079.0,671.0,37.6,55.3,21.4,50.3,5.9,27.1,1.2,22.6,16.0,2.3,25.6,79.0,0.1111111111111111,0.0,0.0,0.1111111111111111,0.0,8,15.0,1.1
"Herndon Village, Raleigh, NC",0.008,3,2.2,4.1,1.7,2.0,52.4,41.7,49125.0,678.0,22.5,66.1,48.4,32.8,10.7,38.4,0.8,13.2,25.1,0.0,78.2,85.3,0.0,0.0,0.0,0.0,0.0,9,17.0,4.1
"Hi Mount, Raleigh, NC",0.113,18,0.1,1.4,1.5,8.0,2.0,1.8,3546.0,43.0,38.1,56.9,19.0,39.7,3.8,32.9,1.2,14.6,9.9,0.3,15.9,75.6,0.0,0.0,0.0,0.0,0.1,3,11.0,1.4
"Hickory Hills, Raleigh, NC",0.198,257,2.3,1.5,1.9,130.0,41.1,37.8,69576.0,1069.0,37.6,46.9,21.2,44.6,13.8,36.0,1.7,15.0,24.1,1.6,11.7,74.1,0.5,0.0,0.0,0.0,0.0,15,6.0,1.5
"Hickory Hollow, Raleigh, NC",0.021,25,2.3,1.6,1.9,13.0,33.1,32.8,52589.0,834.0,30.7,45.0,14.6,48.7,22.7,31.8,1.6,16.8,30.4,0.0,12.3,81.7,0.0,0.0,0.0,0.0,0.0,0,12.0,1.6
"Hickory Meadows, Raleigh, NC",0.04,77,2.6,1.3,2.0,40.0,41.8,38.3,48750.0,651.0,23.9,53.7,15.1,42.1,19.3,41.8,3.1,19.8,17.7,6.8,1.2,73.9,0.0,0.0,0.0,0.0,0.5,9,17.0,1.3
"Highland Forest, Raleigh, NC",0.012,26,2.6,1.8,2.1,13.0,53.1,44.2,147857.0,2081.0,38.2,56.0,38.5,50.1,5.5,67.8,0.3,8.0,9.3,0.0,1.6,56.8,0.0,0.0,0.0,0.0,0.0,1,1.0,1.8
"Highland Forest, Raleigh, NC",0.012,26,2.6,1.8,2.1,13.0,53.1,44.2,147857.0,2081.0,38.2,56.0,38.5,50.1,5.5,67.8,0.3,8.0,9.3,0.0,1.6,56.8,0.0,0.0,0.0,0.0,0.0,1,1.0,1.8
"Highland Gardens, Raleigh, NC",0.12,161,2.4,1.3,2.5,90.0,29.3,32.6,46923.0,672.0,39.7,52.0,41.6,55.3,7.1,54.6,1.1,16.4,18.9,4.9,1.1,62.2,0.0,0.0,0.0,0.0,0.2,8,15.0,1.3
"Hillcrest, Raleigh, NC",0.1,26,2.9,1.8,2.4,12.0,29.9,32.8,40893.0,787.0,23.9,53.7,14.0,61.8,19.3,39.9,3.1,20.9,19.5,25.0,18.3,73.1,0.0,0.0,0.0,0.0,0.0,8,15.0,1.8
"Holly Ridge, Raleigh, NC",0.10400000000000001,37,3.1,1.1,1.6,16.0,50.7,48.6,72696.0,1066.0,39.7,36.8,25.4,59.3,21.5,51.8,2.0,19.9,9.2,0.0,18.7,81.9,0.0,0.0,0.0,0.0,0.0,15,6.0,1.1
"Holston Lane, Raleigh, NC",0.013000000000000001,23,2.6,1.2,2.8,11.0,26.8,27.2,28650.0,665.0,20.4,57.5,10.5,54.1,21.1,16.6,1.0,28.1,29.8,10.5,23.3,37.5,0.0,0.0,0.0,0.0,0.0,13,9.0,1.2
"Home Acres, Raleigh, NC",0.054000000000000006,21,2.2,4.1,1.7,13.0,52.4,41.7,49125.0,678.0,22.5,66.1,45.8,32.8,10.7,38.4,0.8,13.2,25.1,0.0,73.9,85.3,0.0,0.0,0.0,0.0,0.3333333333333333,9,17.0,4.1
"Homeplace, Raleigh, NC",0.054000000000000006,159,3.6,1.6,1.7,96.0,23.5,25.4,33648.0,717.0,27.1,36.2,6.0,60.3,35.8,17.2,0.9,24.5,31.0,27.7,13.8,87.3,0.0,0.0,0.0,0.0,0.0,5,,1.6
"Hope Valley, Raleigh, NC",0.016,18,3.0,1.8,2.2,9.0,44.4,39.0,88588.0,1099.0,34.4,38.8,40.1,63.2,26.8,60.8,0.0,8.8,17.3,7.7,20.0,90.6,0.0,0.0,0.0,0.0,0.2,2,7.0,1.8
"Hunters Creek, Raleigh, NC",0.145,177,3.4,1.8,2.0,92.0,38.7,34.7,87468.0,937.0,37.0,39.4,23.0,47.3,21.8,52.3,1.8,14.1,23.6,6.6,8.7,75.5,0.16666666666666666,0.0,0.0,0.0,0.0,16,2.0,1.8
"Hunters Crossing, Raleigh, NC",0.048,80,2.8,1.8,2.0,42.0,32.1,28.8,72538.0,777.0,37.0,39.4,23.3,47.3,21.8,52.3,1.8,14.1,23.6,3.9,8.8,75.5,0.25,0.0,0.0,0.0,0.0,15,6.0,1.8
"Hymettus Woods, Raleigh, NC",0.009000000000000001,26,2.6,1.7,2.1,13.0,44.3,37.0,94000.0,745.0,39.7,52.0,38.2,50.0,7.1,59.7,1.1,12.5,18.4,0.0,1.2,59.7,0.0,0.0,0.0,0.0,0.0,2,7.0,1.7
"Indian Hills, Raleigh, NC",0.051,86,2.8,1.8,2.0,45.0,32.1,28.8,72538.0,777.0,37.0,39.4,23.1,47.3,21.8,52.3,1.8,14.1,23.6,3.7,8.7,75.5,0.5,0.0,0.0,0.0,0.0,15,6.0,1.8
"Ivy Hall, Raleigh, NC",0.047,28,2.3,1.7,1.8,13.0,40.8,36.0,53929.0,895.0,42.0,45.8,25.4,37.7,10.9,34.1,1.3,24.9,22.6,0.0,19.4,86.6,0.0,0.0,0.0,0.0,0.0,0,12.0,1.7
"Joe Louis Park, Raleigh, NC",0.051,158,2.6,0.7,1.6,64.0,33.6,26.8,25982.0,610.0,28.8,64.2,5.2,36.5,6.4,14.4,0.5,20.4,27.4,1.4,32.3,67.5,0.0,0.0,0.0,0.0,0.0,13,9.0,0.7
"Jordan, Raleigh, NC",0.051,62,2.3,1.6,2.2,30.0,41.3,42.4,76395.0,1371.0,30.3,61.0,31.1,43.0,7.9,57.8,0.9,13.4,16.8,0.0,7.1,59.2,0.0,0.0,0.0,0.0,0.0,4,13.0,1.6
"Kenly Court, Raleigh, NC",0.01,23,2.6,1.8,2.1,11.0,53.1,44.2,147857.0,2081.0,38.2,56.0,37.7,50.1,5.5,67.8,0.3,8.0,9.3,0.0,1.6,56.8,0.0,0.0,0.0,0.0,0.0,1,1.0,1.8
"Kentwood, Raleigh, NC",0.17,287,2.8,1.8,2.0,150.0,32.1,28.8,72538.0,777.0,37.0,39.4,23.0,47.3,21.8,52.3,1.8,14.1,23.6,5.8,8.7,75.5,0.3333333333333333,0.0,0.0,0.0,0.0,15,6.0,1.8
"Kings Mill, Raleigh, NC",0.040999999999999995,110,2.6,1.6,2.1,49.0,44.8,48.3,120583.0,853.0,52.6,40.0,37.5,62.3,6.6,77.1,0.7,7.1,6.0,0.0,0.8,78.7,0.02,0.0,0.0,0.02,0.0,6,8.0,1.6
"Kingsboro, Raleigh, NC",0.006999999999999999,20,2.1,1.5,1.6,9.0,37.2,35.8,54432.0,774.0,25.3,67.5,31.4,38.4,6.7,30.0,0.5,25.9,16.5,0.0,14.3,56.3,1.0,0.0,0.0,0.0,0.0,0,12.0,1.5
"Kingsland, Raleigh, NC",0.135,125,2.6,1.2,2.1,53.0,42.3,44.4,110083.0,1031.0,53.2,39.1,32.8,57.3,7.3,68.1,0.5,7.6,6.4,0.0,5.2,78.6,0.0,0.0,0.0,0.0,0.0,14,16.0,1.2
"Kingwood Forest, Raleigh, NC",0.21899999999999997,88,2.2,4.1,1.7,54.0,52.4,41.7,49125.0,678.0,22.5,66.1,44.4,32.8,10.7,38.4,0.8,13.2,25.1,3.4,71.7,85.3,0.0,0.0,0.0,0.0,0.0,9,17.0,4.1
"Kirkwood Park, Raleigh, NC",0.006,16,2.6,1.6,2.1,7.0,44.8,48.3,120583.0,853.0,52.6,40.0,39.3,62.3,6.6,77.1,0.7,7.1,6.0,0.0,0.8,78.7,0.0,0.0,0.0,0.25,0.0,6,8.0,1.6
"Lacrosse Pointe, Raleigh, NC",0.02,53,2.5,1.3,2.1,25.0,32.6,30.9,34719.0,693.0,30.5,43.2,24.0,60.2,25.0,40.0,1.3,17.8,17.6,6.3,11.3,84.7,0.0,0.0,0.0,0.0,0.0,5,,1.3
"Lafayette, Raleigh, NC",0.032,96,2.6,1.2,1.6,44.0,39.4,41.7,52992.0,802.0,37.6,55.3,20.0,50.6,5.9,28.9,1.2,16.3,17.1,0.0,20.8,79.6,0.0,0.0,0.0,0.0,0.0,0,12.0,1.2
"Lafayette, Raleigh, NC",0.032,96,2.6,1.2,1.6,44.0,39.4,41.7,52992.0,802.0,37.6,55.3,20.0,50.6,5.9,28.9,1.2,16.3,17.1,0.0,20.8,79.6,0.0,0.0,0.0,0.0,0.0,0,12.0,1.2
"Lake Boone Place, Raleigh, NC",0.013999999999999999,36,2.6,2.4,2.1,15.0,50.7,46.4,156285.0,2081.0,36.9,58.8,32.8,49.8,3.7,71.8,0.7,4.7,7.3,0.0,1.2,69.1,0.0,0.0,0.0,0.3333333333333333,0.0,1,1.0,2.4
"Lake Forest, Raleigh, NC",0.1,270,2.5,1.3,2.1,128.0,32.6,30.9,34719.0,693.0,30.5,43.2,23.8,60.2,25.0,40.0,1.3,17.8,17.6,8.2,11.1,84.7,0.0,0.0,0.0,0.0,0.0,5,,1.3
"Lake Johnson Harbour, Raleigh, NC",0.024,41,2.8,1.8,2.0,21.0,32.1,28.8,72538.0,777.0,37.0,39.4,23.1,47.3,21.8,52.3,1.8,14.1,23.6,2.6,8.7,75.5,0.0,0.3333333333333333,0.0,0.0,0.0,15,6.0,1.8
"Lakemont, Raleigh, NC",0.32799999999999996,1084,2.3,1.8,1.8,557.0,41.1,37.8,69576.0,1224.0,46.2,49.2,35.7,48.7,2.8,58.2,1.8,10.0,14.4,0.2,4.1,73.5,0.0,0.5,0.0,0.0,0.0,15,6.0,1.8
"Lakestone, Raleigh, NC",0.136,162,2.5,1.6,2.2,77.0,52.5,55.5,143687.0,1524.0,30.1,65.8,36.5,41.5,3.4,65.1,0.6,12.6,13.3,0.0,5.4,56.7,0.3333333333333333,0.0,0.3333333333333333,0.0,0.0,1,1.0,1.6
"Lakewood, Raleigh, NC",0.10099999999999999,409,3.0,1.3,2.3,147.0,28.6,38.9,33155.0,644.0,25.3,67.5,17.2,56.2,6.7,25.7,0.5,37.2,21.1,2.7,12.0,78.2,0.0,0.0,0.0,0.0,0.0,5,,1.3
"Lambshire Downs, Raleigh, NC",0.057,154,2.6,1.6,2.1,69.0,44.8,48.3,120583.0,853.0,52.6,40.0,37.5,62.3,6.6,77.1,0.7,7.1,6.0,0.0,0.8,78.7,0.0,0.0,0.0,0.0,0.0,6,8.0,1.6
"Landfall North, Raleigh, NC",0.013999999999999999,12,2.6,1.2,2.1,5.0,42.3,44.4,110083.0,1031.0,53.2,39.1,34.2,57.3,7.3,68.1,0.5,7.6,6.4,0.0,5.4,78.6,0.0,0.5,0.0,0.0,0.0,14,16.0,1.2
"Lassiter, Raleigh, NC",0.016,12,2.9,2.9,2.4,5.0,61.3,64.9,168014.0,1783.0,31.4,63.9,39.4,44.6,3.3,69.9,1.4,11.4,9.4,0.0,5.7,59.7,0.2,0.0,0.2,0.0,0.0,12,5.0,2.9
"Laurel Hills, Raleigh, NC",0.276,772,9.9,1.5,2.2,363.0,42.8,43.1,115631.0,1207.0,46.2,42.9,34.9,47.5,10.3,54.1,0.6,14.4,15.5,1.0,3.1,66.8,0.0,0.0,1.0,0.0,0.0,14,16.0,1.5
"Laurel Woods Townhomes, Raleigh, NC",0.039,109,2.3,1.5,2.2,51.0,39.0,41.1,123293.0,1207.0,46.3,42.9,35.0,47.5,10.3,54.1,0.6,14.4,15.5,0.0,3.1,66.9,0.3333333333333333,0.0,0.0,0.0,0.0,6,8.0,1.5
"Leesville Road, Raleigh, NC",0.02,18,2.6,1.2,2.1,7.0,42.3,44.4,110083.0,1031.0,53.2,39.1,33.3,57.3,7.3,68.1,0.5,7.6,6.4,0.0,5.3,78.6,0.0,0.0,0.0,0.0,0.0,14,16.0,1.2
"Leonard Place, Raleigh, NC",0.004,13,2.6,1.7,2.1,6.0,44.3,37.0,94000.0,745.0,39.7,52.0,38.2,50.0,7.1,59.7,1.1,12.5,18.4,0.0,1.2,59.7,0.0,0.0,0.0,0.125,0.0,2,7.0,1.7
"Lincoln Terrace, Raleigh, NC",0.016,174,2.3,0.9,1.7,74.0,50.7,39.2,41903.0,621.0,28.8,64.2,29.0,32.1,6.4,30.8,0.5,15.2,19.5,1.7,15.0,75.5,0.2,0.0,0.0,0.0,0.0,8,15.0,0.9
"Lincoln Villas, Raleigh, NC",0.017,24,2.5,1.8,2.2,13.0,37.5,32.9,74803.0,928.0,34.4,38.8,40.4,63.2,26.8,60.8,0.0,8.8,17.3,9.5,20.1,90.6,0.0,0.0,0.0,0.0,0.0,4,13.0,1.8
"Lions Way, Raleigh, NC",0.01,33,2.1,1.1,1.4,14.0,31.8,34.6,44079.0,671.0,37.6,55.3,21.5,50.3,5.9,27.1,1.2,22.6,16.0,0.0,25.8,79.0,0.1,0.0,0.0,0.1,0.0,8,15.0,1.1
"Lisbon Woods, Raleigh, NC",0.021,40,2.6,1.3,2.0,20.0,41.8,38.3,48750.0,651.0,23.9,53.7,15.0,42.1,19.3,41.8,3.1,19.8,17.7,5.3,1.2,73.9,0.0,0.0,0.0,0.0,0.0,9,17.0,1.3
"Little Lake Hill, Raleigh, NC",0.006,17,2.6,1.7,2.1,9.0,44.3,37.0,94000.0,745.0,39.7,52.0,39.8,50.0,7.1,59.7,1.1,12.5,18.4,0.0,1.2,59.7,0.0,0.0,0.0,0.0,0.0,2,7.0,1.7
"Lockwood, Raleigh, NC",0.35,947,2.3,1.5,1.7,433.0,35.3,36.7,47130.0,795.0,25.3,67.5,25.3,37.3,6.7,30.5,0.5,27.9,16.9,3.3,18.2,61.6,0.0,0.0,0.0,0.0,1.0,8,15.0,1.5
"Longview, Raleigh, NC",0.368,688,3.3,1.3,2.0,263.0,35.1,41.3,40114.0,839.0,25.3,67.4,15.7,48.5,6.7,27.8,0.5,36.0,20.2,1.7,16.6,77.1,0.3333333333333333,0.16666666666666666,0.0,0.0,0.0,8,15.0,1.3
"Lowden Street, Raleigh, NC",0.003,14,2.5,1.7,2.0,7.0,38.0,40.3,103438.0,798.0,38.1,56.9,41.9,61.5,3.8,69.1,1.2,10.6,10.9,0.0,3.7,89.1,0.25,0.25,0.0,0.0,0.0,11,14.0,1.7
"Lyndhurst Manor, Raleigh, NC",0.018000000000000002,7,2.2,4.1,1.7,4.0,52.4,41.7,49125.0,678.0,22.5,66.1,44.4,32.8,10.7,38.4,0.8,13.2,25.1,0.0,71.8,85.3,0.0,0.0,0.0,0.1111111111111111,0.0,9,17.0,4.1
"Lynn Road, Raleigh, NC",0.003,8,2.1,1.2,2.3,4.0,41.7,43.2,70521.0,843.0,46.2,43.3,38.1,40.0,10.1,40.6,0.4,14.9,10.0,0.0,14.6,69.9,0.0,0.0,0.0,0.0,0.0,15,6.0,1.2
"Lyon Park, Raleigh, NC",0.03,58,1.8,1.1,2.0,28.0,55.6,49.1,77708.0,789.0,38.2,56.0,48.4,23.1,5.5,40.9,0.3,18.4,18.5,0.0,7.4,65.4,0.0,0.0,0.0,0.0,0.0,4,13.0,1.1
"Madison Park, Raleigh, NC",0.037000000000000005,59,2.2,1.4,1.8,26.0,40.9,40.8,55078.0,861.0,44.4,45.0,26.6,32.6,10.2,29.9,0.4,22.9,16.6,0.0,5.5,78.1,0.0,0.0,0.0,0.0,0.0,0,12.0,1.4
"Madonna Acres, Raleigh, NC",0.027000000000000003,171,2.4,1.3,1.5,57.0,20.3,20.1,30398.0,556.0,29.6,67.7,1.7,48.2,1.6,6.6,1.0,60.5,27.5,0.0,10.8,93.1,0.0,0.0,0.0,0.0,0.0,13,9.0,1.3
"Magnolia Court, Raleigh, NC",0.008,18,2.1,1.2,2.2,9.0,59.9,57.1,99318.0,872.0,54.2,39.7,47.1,34.8,5.2,72.5,0.9,3.2,5.5,0.0,14.3,73.4,0.0,0.5,0.0,0.0,0.0,19,4.0,1.2
"Marlowe Court, Raleigh, NC",0.006999999999999999,9,2.4,1.6,2.2,4.0,49.3,51.7,99444.0,1486.0,30.1,65.8,36.5,41.4,3.4,65.0,0.6,12.6,13.3,0.0,5.4,56.7,0.3333333333333333,0.0,0.6666666666666666,0.0,0.0,19,4.0,1.6
"Meadow Hill Place, Raleigh, NC",0.004,10,2.7,2.5,2.2,5.0,43.1,37.8,113750.0,982.0,36.9,54.2,32.3,53.0,6.7,68.8,2.3,9.7,11.5,0.0,4.2,69.2,0.2,0.0,0.0,0.0,0.0,14,16.0,2.5
"Meadowbrook, Raleigh, NC",0.015,50,2.2,1.1,1.5,22.0,33.9,35.8,45493.0,674.0,37.6,55.3,21.0,50.4,5.9,27.5,1.2,21.2,16.3,0.0,24.5,79.1,0.0,0.0,0.0,0.2857142857142857,0.14285714285714285,8,15.0,1.1
"Meadowcreek, Raleigh, NC",0.027999999999999997,87,2.6,0.7,1.6,35.0,33.6,26.8,25982.0,610.0,28.8,64.2,5.3,36.5,6.4,14.4,0.5,20.4,27.4,1.3,32.4,67.5,0.0,0.0,0.0,0.0,0.0,13,9.0,0.7
"Middleton Place, Raleigh, NC",0.006,18,2.6,1.7,2.1,9.0,44.3,37.0,94000.0,745.0,39.7,52.0,40.1,50.0,7.1,59.7,1.1,12.5,18.4,0.0,1.2,59.7,0.0,0.0,0.0,0.0,0.0,2,7.0,1.7
"Milburnie Place, Raleigh, NC",0.006,11,2.4,1.6,1.7,5.0,33.2,36.9,40338.0,827.0,25.3,67.5,5.2,34.0,6.7,31.8,0.5,33.4,18.0,0.0,39.5,76.3,0.5,0.5,0.0,0.0,0.0,8,15.0,1.6
"Millbrook Estates, Raleigh, NC",0.04,67,1.9,0.4,1.7,29.0,62.8,45.3,51481.0,2295.0,38.7,47.6,39.8,19.4,12.7,35.7,1.0,7.5,14.3,4.6,7.1,80.0,0.0,0.25,0.0,0.0,0.0,9,17.0,0.4
"Millbrook Village, Raleigh, NC",0.009000000000000001,27,3.6,1.6,1.7,16.0,23.5,25.4,33648.0,717.0,27.1,36.2,6.1,60.3,35.8,17.2,0.9,24.5,31.0,21.7,14.1,87.3,0.0,0.0,0.0,0.0,0.1111111111111111,5,,1.6
"Millstream, Raleigh, NC",0.008,19,2.6,2.0,2.2,10.0,45.6,48.1,120112.0,1486.0,32.5,62.2,31.3,68.4,3.2,78.2,2.1,6.8,6.0,0.0,1.6,69.4,0.2,0.0,0.2,0.0,0.0,6,8.0,2.0
"Mine Valley, Raleigh, NC",0.174,387,2.1,1.2,2.2,197.0,59.9,57.1,99318.0,872.0,54.2,39.7,46.8,34.8,5.2,72.5,0.9,3.2,5.5,0.0,17.3,73.4,0.0,0.0,0.0,0.0625,0.0,19,4.0,1.2
"Monie Lane, Raleigh, NC",0.002,17,2.5,0.9,1.7,7.0,40.6,34.3,34036.0,595.0,28.8,64.2,14.5,36.3,6.4,23.9,0.5,19.1,24.2,0.0,24.8,70.5,0.0,0.0,0.0,0.0,0.0,5,,0.9
"Montague, Raleigh, NC",0.027000000000000003,16,2.3,1.7,1.8,8.0,40.8,36.0,53929.0,895.0,42.0,45.8,26.1,37.7,10.9,34.1,1.3,24.9,22.6,0.0,19.9,86.6,0.16666666666666666,0.0,0.0,0.0,0.0,0,12.0,1.7
"Montclair, Raleigh, NC",0.032,26,1.7,1.2,2.0,12.0,44.7,43.6,50573.0,762.0,58.9,36.7,20.7,40.2,2.8,38.3,1.6,20.3,14.2,0.0,40.1,81.5,0.0,0.0,0.0,0.0,0.0,9,17.0,1.2
"Mordecai, Raleigh, NC",0.282,818,8.8,1.2,1.8,360.0,30.4,34.9,49997.0,738.0,40.6,53.9,25.6,42.3,4.4,33.5,1.0,26.7,17.1,1.4,20.5,80.7,0.024390243902439025,0.0,0.0,0.04878048780487805,0.0,9,17.0,1.2
"Morgans Mill Townhomes, Raleigh, NC",0.003,1,1.0,1.6462395543175488,259.8,0.5,0.0,0.0,49125.0,678.0,1.7,10.7,13.2,89.4,85.3,25.1,4.1,22.5,66.1,0.8,0.0,1.2,0.0,0.0,0.0,0.0,0.3333333333333333,9,17.0,1.6462395543175488
"Mount Vernon (Westover), Raleigh, NC",0.128,100,2.1,1.5,2.1,53.0,30.9,28.7,62857.0,905.0,44.5,42.4,37.8,32.2,11.1,27.5,2.0,25.1,29.7,2.1,5.2,75.6,0.0,0.0,0.0,0.0,0.0,10,18.0,1.5
"Mountainbrook, Raleigh, NC",0.04,89,2.1,1.2,2.2,45.0,59.9,57.1,99318.0,872.0,54.2,39.7,47.2,34.8,5.2,72.5,0.9,3.2,5.5,0.0,14.3,73.4,0.0,0.0,0.2,0.0,0.0,19,4.0,1.2
"Mt Vernon Park, Raleigh, NC",0.025,20,2.1,1.5,2.1,10.0,30.9,28.7,62857.0,905.0,44.5,42.4,37.7,32.2,11.1,27.5,2.0,25.1,29.7,0.0,5.2,75.6,0.0,0.0,0.0,0.0,0.0,10,18.0,1.5
"Murraywood, Columbia, SC",7.865,6110,7.8,1.8,1.9,3055.0,37.8,40.4,81120.0,679.0,37.4,56.6,30.7,52.0,3.4,46.5,2.6,14.8,15.4,2.0,12.1,74.3,0.0,0.0,0.0,0.0,0.0,16,2.0,1.8
"Neuse Ridge, Raleigh, NC",0.177,24,4.1,1.8,2.4,11.0,41.7,45.8,57086.0,1099.0,23.9,53.7,14.1,61.8,19.3,39.9,3.1,20.9,19.5,25.0,18.5,73.1,0.16666666666666666,0.0,0.16666666666666666,0.0,0.0,0,12.0,1.8
"Neuse Ridge, Raleigh, NC",0.177,24,4.1,1.8,2.4,11.0,41.7,45.8,57086.0,1099.0,23.9,53.7,14.1,61.8,19.3,39.9,3.1,20.9,19.5,25.0,18.5,73.1,0.16666666666666666,0.0,0.16666666666666666,0.0,0.0,0,12.0,1.8
"Nine North, Raleigh, NC",0.006999999999999999,9,1.9,1.4,1.8,4.0,42.1,43.6,98654.0,1613.0,46.3,49.2,37.5,39.1,2.7,41.1,1.8,12.2,14.5,0.0,11.6,68.9,0.07692307692307693,0.0,0.0,0.07692307692307693,0.0,19,4.0,1.4
"North Bend, Raleigh, NC",0.094,185,1.9,1.0,1.7,85.0,47.5,39.3,72533.0,810.0,42.6,43.0,31.8,37.7,11.6,35.4,2.7,13.1,18.1,0.0,12.0,61.9,0.0,0.0,0.0,0.0,0.0,15,6.0,1.0
"North College Park, Raleigh, NC",0.071,25,2.3,1.1,1.6,11.0,37.8,36.2,54200.0,795.0,39.7,36.8,25.7,59.3,21.5,51.8,2.0,19.9,9.2,0.0,18.9,81.9,0.0,0.0,0.0,0.16666666666666666,0.0,0,12.0,1.1
"North Farms, Raleigh, NC",0.079,116,2.5,1.8,2.2,61.0,37.5,32.9,74803.0,928.0,34.4,38.8,39.7,63.2,26.8,60.8,0.0,8.8,17.3,15.5,19.7,90.6,0.0,0.0,0.0,0.0,0.0,4,13.0,1.8
"North Haven, Raleigh, NC",0.192,523,2.5,1.3,2.1,248.0,32.6,30.9,34719.0,693.0,30.5,43.2,23.7,60.2,25.0,40.0,1.3,17.8,17.6,8.9,11.1,84.7,0.0,0.0,0.0,0.0,0.125,5,,1.3
"North Hills Place, Raleigh, NC",0.006,4,1.7,1.2,2.0,2.0,44.7,43.6,50573.0,762.0,58.9,36.7,24.4,40.2,2.8,38.3,1.6,20.3,14.2,0.0,47.1,81.5,0.0,0.5,0.0,0.0,0.0,9,17.0,1.2
"North Hills, Raleigh, NC",0.762,1843,2.5,1.7,2.2,885.0,41.6,38.1,107345.0,1125.0,36.9,54.2,35.9,46.9,6.7,58.7,2.3,15.5,11.3,0.0,5.0,65.0,0.0,0.0,0.5,0.0,0.0,11,14.0,1.7
"North Park, Raleigh, NC",0.04,97,2.2,2.0,1.8,51.0,37.3,34.4,76516.0,740.0,54.2,39.7,33.5,49.9,5.2,44.3,0.9,13.0,20.1,1.1,12.8,76.3,0.0,0.0,0.0,0.0,0.0,4,13.0,2.0
"North Trail, Raleigh, NC",0.05,134,2.5,1.3,2.1,63.0,32.6,30.9,34719.0,693.0,30.5,43.2,23.8,60.2,25.0,40.0,1.3,17.8,17.6,7.4,11.2,84.7,0.0,0.0,0.0,0.0,0.0,5,,1.3
"North Valley, Raleigh, NC",0.021,51,2.6,1.8,1.9,20.0,35.9,36.5,95333.0,1383.0,46.2,43.3,33.6,57.8,10.1,58.2,0.4,15.8,9.2,0.0,5.1,85.0,0.0,0.0,0.0,0.0,0.0,2,7.0,1.8
"Northclift, Raleigh, NC",0.258,96,1.5,1.2,2.0,44.0,40.3,39.3,45567.0,687.0,58.9,36.7,20.5,40.2,2.8,38.3,1.6,20.3,14.2,1.0,39.6,81.5,0.25,0.25,0.0,0.0,0.0,8,15.0,1.2
"Northglen, Raleigh, NC",0.11199999999999999,447,2.0,2.0,1.8,231.0,50.6,38.0,76000.0,1185.0,46.3,49.2,35.1,50.6,2.7,61.5,1.8,9.6,14.4,0.2,3.5,74.2,0.0,0.0,0.0,0.0,0.0,4,13.0,2.0
"Northshore, Raleigh, NC",0.079,234,3.6,1.6,1.7,142.0,23.5,25.4,33648.0,717.0,27.1,36.2,6.0,60.3,35.8,17.2,0.9,24.5,31.0,28.7,13.9,87.3,0.25,0.0,0.0,0.0,0.0,5,,1.6
"Northwood Acres, Raleigh, NC",0.091,195,2.4,1.6,1.8,97.0,45.1,40.3,78003.0,1368.0,46.3,49.2,36.4,43.7,2.7,49.4,1.8,11.0,14.4,0.0,6.4,71.4,0.0,0.0,0.0,0.0,0.0,4,13.0,1.6
"Northwyck, Raleigh, NC",0.02,33,1.9,0.4,1.7,14.0,62.8,45.3,51481.0,2295.0,38.7,47.6,40.0,19.4,12.7,35.7,1.0,7.5,14.3,3.2,7.2,80.0,0.0,0.0,0.0,0.2222222222222222,0.0,9,17.0,0.4
"Nottingham Woods, Raleigh, NC",0.022000000000000002,62,2.5,1.3,2.0,34.0,48.9,34.3,35000.0,769.0,24.2,67.6,3.8,41.6,7.6,26.7,0.5,16.6,20.7,1.6,34.4,90.7,0.0,0.0,0.0,0.0,1.0,5,,1.3
"Nowell Pointe, Raleigh, NC",0.016,12,2.1,1.5,2.1,6.0,30.9,28.7,62857.0,905.0,44.5,42.4,39.9,32.2,11.1,27.5,2.0,25.1,29.7,0.0,5.5,75.6,0.0,0.3333333333333333,0.0,0.0,0.0,10,18.0,1.5
"Nowell Ridge, Raleigh, NC",0.012,9,2.1,1.5,2.1,5.0,30.9,28.7,62857.0,905.0,44.5,42.4,40.6,32.2,11.1,27.5,2.0,25.1,29.7,0.0,5.6,75.6,0.0,0.3333333333333333,0.0,0.0,0.0,10,18.0,1.5
"Oak Park, Raleigh, NC",0.34,32,0.1,1.5,2.2,15.0,1.5,1.5,4645.0,45.0,46.3,42.9,35.4,47.5,10.3,54.1,0.6,14.4,15.5,0.0,3.1,66.9,0.0,0.3333333333333333,0.0,0.0,0.0,3,11.0,1.5
"Oakview, Raleigh, NC",0.008,17,2.5,1.0,2.1,8.0,40.9,44.1,68036.0,698.0,30.7,45.0,27.9,50.1,22.7,55.5,1.6,15.3,19.2,0.0,3.3,56.1,0.25,0.0,0.0,0.0,0.0,15,6.0,1.0
"Oakwood, Raleigh, NC",0.27699999999999997,1540,5.9,0.8,1.7,735.0,28.5,30.9,37429.0,587.0,34.4,62.6,20.8,38.0,2.1,28.2,0.9,25.4,23.9,0.3,25.4,80.2,0.0,0.0,0.0,0.05263157894736842,0.0,5,,0.8
"Oberlin Village, Raleigh, NC",0.243,1337,2.1,1.5,1.9,507.0,30.4,32.3,68549.0,880.0,41.7,51.1,20.1,43.6,6.5,33.8,0.8,33.1,17.0,0.2,49.5,80.4,0.09090909090909093,0.0,0.0,0.09090909090909093,0.0,15,6.0,1.5
"Old English Downs, Raleigh, NC",0.033,72,2.1,1.2,2.2,36.0,59.9,57.1,99318.0,872.0,54.2,39.7,47.1,34.8,5.2,72.5,0.9,3.2,5.5,0.0,14.3,73.4,0.0,0.0,0.4,0.0,0.0,19,4.0,1.2
"Old Well at Summerfield, Raleigh, NC",0.011000000000000001,17,2.2,1.4,1.8,7.0,40.9,40.8,55078.0,861.0,44.4,45.0,26.9,32.6,10.2,29.9,0.4,22.9,16.6,0.0,5.5,78.1,0.0,0.5,0.0,0.0,0.0,0,12.0,1.4
"Olde Raleigh, Raleigh, NC",0.215,82,2.5,1.5,2.2,38.0,6.1,6.6,16443.0,219.0,46.3,42.9,34.9,47.3,10.3,53.8,0.6,14.5,15.5,0.5,3.2,66.8,0.0,1.0,0.0,0.0,0.0,17,0.0,1.5
"Olde Towne, Raleigh, NC",0.003,8,2.3,1.5,2.2,4.0,39.0,41.1,123293.0,1207.0,46.3,42.9,37.7,47.5,10.3,54.1,0.6,14.4,15.5,0.0,3.3,66.9,0.0,0.5,0.0,0.0,0.0,6,8.0,1.5
"Oxford Park, Raleigh, NC",0.08800000000000001,434,2.3,1.6,2.0,215.0,42.8,40.2,95193.0,811.0,37.8,57.2,38.8,59.6,3.8,65.7,1.2,10.9,10.6,0.3,2.8,86.8,0.5,0.0,0.0,0.0,0.0,2,7.0,1.6
"Pace Street, Raleigh, NC",0.003,7,2.5,1.6,1.7,3.0,40.5,39.8,50081.0,745.0,37.6,55.3,18.6,51.0,5.9,32.0,1.2,8.4,18.4,0.0,12.4,80.4,0.043478260869565216,0.0,0.0,0.043478260869565216,0.0,9,17.0,1.6
"Parker Townhomes, Raleigh, NC",0.002,7,1.9,1.4,1.5,3.0,47.3,38.1,57803.0,908.0,38.1,56.9,18.5,39.6,3.8,32.8,1.2,14.7,9.9,0.0,15.8,75.6,0.25,0.0,0.0,0.0,0.0,0,12.0,1.4
"Parliament Pointe at Greystone, Raleigh, NC",0.016,38,2.2,2.0,1.8,19.0,37.3,34.4,76516.0,740.0,54.2,39.7,33.2,49.9,5.2,44.3,0.9,13.0,20.1,0.0,12.7,76.3,0.0,0.0,0.0,0.0,0.0,4,13.0,2.0
"Peartree Lane, Raleigh, NC",0.006,10,2.6,1.2,2.8,5.0,26.8,27.2,28650.0,665.0,20.4,57.5,11.0,54.1,21.1,16.6,1.0,28.1,29.8,0.0,24.4,37.5,0.0,0.0,0.0,0.0,0.0,13,9.0,1.2
"Pecan Townes, Raleigh, NC",0.013000000000000001,23,1.9,0.4,1.7,9.0,62.8,45.3,51481.0,2295.0,38.7,47.6,39.4,19.4,12.7,35.7,1.0,7.5,14.3,0.0,7.1,80.0,0.0,0.0,0.0,0.0,0.13333333333333333,9,17.0,0.4
"Pepperdyne, Raleigh, NC",0.035,13,0.6,1.6,1.7,8.0,4.0,4.3,5664.0,121.0,27.1,36.2,6.3,60.3,35.8,17.2,0.9,24.5,31.0,25.0,14.6,87.3,0.5,0.0,0.0,0.0,0.0,3,11.0,1.6
"Peyton Hall, Raleigh, NC",0.003,1,1.0,1.6462395543175488,259.8,0.5,0.0,0.0,53929.0,895.0,1.8,10.9,24.9,31.4,86.6,22.6,1.7,42.0,45.8,1.3,0.0,5.5,0.0,0.0,0.0,0.5,0.0,0,12.0,1.6462395543175488
"Pine Ridge, Raleigh, NC",0.031,90,3.6,1.6,1.7,55.0,23.5,25.4,33648.0,717.0,27.1,36.2,6.0,60.3,35.8,17.2,0.9,24.5,31.0,25.6,13.9,87.3,0.03225806451612903,0.0,0.0,0.03225806451612903,0.0,5,,1.6
"Pinecrest, Raleigh, NC",0.065,169,4.2,1.0,2.0,82.0,58.3,51.1,68083.0,1021.0,29.8,48.2,25.9,49.1,20.6,53.4,1.4,15.9,19.7,2.4,4.6,57.0,0.0,0.0,0.5,0.0,0.0,15,6.0,1.0
"Pinecrest, Raleigh, NC",0.065,169,4.2,1.0,2.0,82.0,58.3,51.1,68083.0,1021.0,29.8,48.2,25.9,49.1,20.6,53.4,1.4,15.9,19.7,2.4,4.6,57.0,0.0,0.0,0.5,0.0,0.0,15,6.0,1.0
"Pinecrest, Raleigh, NC",0.065,169,4.2,1.0,2.0,82.0,58.3,51.1,68083.0,1021.0,29.8,48.2,25.9,49.1,20.6,53.4,1.4,15.9,19.7,2.4,4.6,57.0,0.0,0.0,0.5,0.0,0.0,15,6.0,1.0
"Pineview, Raleigh, NC",0.051,86,2.8,1.8,2.0,45.0,32.1,28.8,72538.0,777.0,37.0,39.4,23.1,47.3,21.8,52.3,1.8,14.1,23.6,3.7,8.7,75.5,0.0,0.0,0.0,0.0,0.0,15,6.0,1.8
"Plantation Road, Raleigh, NC",0.001,1,1.0,1.6462395543175488,259.8,0.5,0.0,0.0,52589.0,834.0,1.9,22.7,16.8,16.7,81.7,30.4,1.6,30.7,45.0,1.6,0.0,11.3,0.0,0.0,0.0,0.07692307692307693,0.0,0,12.0,1.6462395543175488
"Plymouth Court, Raleigh, NC",0.006,19,2.1,1.5,1.6,9.0,37.2,35.8,54432.0,774.0,25.3,67.5,31.1,38.4,6.7,30.0,0.5,25.9,16.5,0.0,14.1,56.3,1.0,0.0,0.0,0.0,0.0,0,12.0,1.5
"Ponderosa, Raleigh, NC",0.011000000000000001,161,2.4,1.2,2.3,74.0,47.9,49.7,81060.0,969.0,46.2,43.3,34.5,40.0,10.1,40.6,0.4,14.9,10.0,0.0,13.2,69.9,0.03225806451612903,0.0,0.0,0.03225806451612903,0.0,16,2.0,1.2
"Proctor, Raleigh, NC",0.001,1,1.0,1.6462395543175488,259.8,0.5,0.0,0.0,52589.0,834.0,1.9,22.7,16.8,16.7,81.7,30.4,1.6,30.7,45.0,1.6,0.0,11.3,0.0,0.0,0.0,0.08695652173913042,0.043478260869565216,0,12.0,1.6462395543175488
"Pullen Park Terrace, Raleigh, NC",0.01,17,2.0,1.1,2.1,9.0,29.7,31.2,46583.0,614.0,36.9,52.7,17.3,23.1,10.1,14.0,0.3,23.7,31.1,0.0,9.0,37.6,0.25,0.0,0.0,0.0,0.0,8,15.0,1.1
"Quail Forest, Raleigh, NC",0.006,10,1.9,0.4,1.7,4.0,62.8,45.3,51481.0,2295.0,38.7,47.6,41.4,19.4,12.7,35.7,1.0,7.5,14.3,0.0,7.4,80.0,0.0,0.0,0.0,0.0,0.125,9,17.0,0.4
"Quail Hollow, Raleigh, NC",0.257,379,2.4,1.7,1.9,198.0,40.9,36.6,63244.0,932.0,33.1,45.7,21.9,49.2,19.5,39.4,1.6,14.9,26.1,2.8,9.2,78.2,0.0,0.0,0.0,0.25,0.0,10,18.0,1.7
"Quail Meadows, Raleigh, NC",0.075,304,2.2,1.4,1.9,122.0,37.9,42.5,60913.0,976.0,42.6,43.0,30.3,47.5,11.6,44.0,2.7,19.7,15.9,0.0,13.0,72.0,0.0,0.0,0.0,0.07692307692307693,0.0,10,18.0,1.4
"Quail Pointe, Raleigh, NC",0.006999999999999999,27,2.6,2.0,1.8,14.0,46.2,39.1,70461.0,1186.0,46.3,49.2,36.1,50.6,2.7,61.5,1.8,9.6,14.3,0.0,3.6,74.2,0.0,0.5,0.0,0.0,0.0,15,6.0,2.0
"Quail Ridge, Raleigh, NC",0.016,27,1.9,0.4,1.7,11.0,62.8,45.3,51481.0,2295.0,38.7,47.6,39.3,19.4,12.7,35.7,1.0,7.5,14.3,0.0,7.1,80.0,0.0,0.5,0.0,0.0,0.0,9,17.0,0.4
"Quarry Pointe, Raleigh, NC",0.154,55,2.8,1.3,2.5,24.0,38.2,42.1,51613.0,704.0,27.1,64.5,32.1,57.8,7.8,49.2,0.6,14.7,15.5,0.0,4.1,88.4,0.0,0.0,0.0,0.0,0.0,9,17.0,1.3
"Ramblestone, Raleigh, NC",0.008,9,2.4,1.6,2.2,4.0,49.3,51.7,99444.0,1486.0,30.1,65.8,38.4,41.4,3.4,65.0,0.6,12.6,13.3,0.0,5.7,56.7,0.0,0.0,0.0,0.027027027027027032,0.0,19,4.0,1.6
"Ramblewood, Raleigh, NC",0.051,23,1.7,1.6,2.2,11.0,34.3,36.0,69157.0,1033.0,30.1,65.8,36.9,41.4,3.4,65.0,0.6,12.6,13.3,0.0,5.5,56.7,0.0,0.0,0.0,0.0,0.0,15,6.0,1.6
"Renaissance at Valley Stream, Raleigh, NC",0.006,1,2.3,1.1,1.6,0.0,37.8,36.2,54200.0,795.0,39.7,36.8,49.2,59.3,21.5,51.8,2.0,19.9,9.2,0.0,36.1,81.9,0.0,0.0,0.0,0.0,0.0,0,12.0,1.1
"Ridgecrest, Raleigh, NC",0.015,46,2.4,1.8,2.0,24.0,43.5,37.1,90344.0,810.0,37.8,56.6,35.7,44.3,4.7,43.0,1.0,16.9,20.9,0.0,6.8,62.0,0.0,0.0,0.0,0.16666666666666666,0.0,2,7.0,1.8
"Ridgecrest, Raleigh, NC",0.015,46,2.4,1.8,2.0,24.0,43.5,37.1,90344.0,810.0,37.8,56.6,35.7,44.3,4.7,43.0,1.0,16.9,20.9,0.0,6.8,62.0,0.0,0.0,0.0,0.16666666666666666,0.0,2,7.0,1.8
"Ridgeway, Raleigh, NC",0.008,84,2.7,1.6,2.1,44.0,47.0,42.0,97870.0,872.0,39.6,52.5,39.1,51.8,6.8,59.7,1.1,12.9,17.9,0.0,1.5,62.8,0.0,0.0,0.0,0.0,0.0,19,4.0,1.6
"Ridgeway, Raleigh, NC",0.008,84,2.7,1.6,2.1,44.0,47.0,42.0,97870.0,872.0,39.6,52.5,39.1,51.8,6.8,59.7,1.1,12.9,17.9,0.0,1.5,62.8,0.0,0.0,0.0,0.0,0.0,19,4.0,1.6
"Ridgewood, Raleigh, NC",0.127,394,2.5,1.7,2.1,204.0,42.2,33.7,86354.0,754.0,39.6,52.2,37.6,48.2,7.2,57.1,1.0,12.9,19.7,0.8,1.7,59.6,0.0,0.0,0.0,0.0,0.0,16,2.0,1.7
"River Landings, Raleigh, NC",0.076,27,2.3,1.1,1.6,11.0,37.8,36.2,54200.0,795.0,39.7,36.8,25.5,59.3,21.5,51.8,2.0,19.9,9.2,0.0,18.7,81.9,0.25,0.0,0.25,0.0,0.0,0,12.0,1.1
"Riverbrooke, Raleigh, NC",0.16,57,2.8,1.3,2.5,25.0,38.2,42.1,51613.0,704.0,27.1,64.5,32.3,57.8,7.8,49.2,0.6,14.7,15.5,0.0,4.1,88.4,0.0,0.0,0.0,0.0,0.0,9,17.0,1.3
"Riverview, Raleigh, NC",0.43,838,2.6,1.3,2.0,436.0,41.8,38.3,48750.0,651.0,23.9,53.7,15.0,42.1,19.3,41.8,3.1,19.8,17.7,8.4,1.2,73.9,0.0,0.0,0.0,0.0,0.25,9,17.0,1.3
"Roanoke Park, Raleigh, NC",0.06,167,2.2,1.6,1.8,86.0,39.4,35.5,84447.0,772.0,38.1,56.9,38.2,46.1,3.8,42.7,1.2,15.8,23.4,0.6,12.2,78.4,0.0,0.0,0.0,0.0,0.0,16,2.0,1.6
"Rock Cliff, Raleigh, NC",0.023,31,2.5,2.6,4.7,14.0,44.7,51.4,188347.0,1125.0,32.7,62.0,38.7,55.6,3.2,74.7,2.2,11.1,7.0,0.0,6.0,71.5,0.0,0.0,0.0,0.0,0.0,18,10.0,2.6
"Rosemont Garden, Raleigh, NC",0.146,263,3.0,1.1,1.6,140.0,33.8,27.4,29231.0,728.0,23.9,66.7,14.5,34.9,8.8,19.2,0.5,24.8,25.6,7.7,14.0,79.3,0.0,0.0,0.0,0.0,0.0,13,9.0,1.1
"Royal Pines, Raleigh, NC",0.006999999999999999,22,2.6,0.7,1.6,9.0,33.6,26.8,25982.0,610.0,28.8,64.2,5.4,36.5,6.4,14.4,0.5,20.4,27.4,0.0,33.4,67.5,0.0,0.0,0.0,0.0,0.0,13,9.0,0.7
"Sagewood, Raleigh, NC",0.031,50,2.2,1.4,1.8,22.0,40.9,40.8,55078.0,861.0,44.4,45.0,26.5,32.6,10.2,29.9,0.4,22.9,16.6,0.0,5.4,78.1,0.0,0.0,0.0,1.0,0.0,0,12.0,1.4
"Sandy Chase, Raleigh, NC",0.08199999999999999,76,2.6,1.2,2.1,32.0,42.3,44.4,110083.0,1031.0,53.2,39.1,32.8,57.3,7.3,68.1,0.5,7.6,6.4,0.0,5.2,78.6,0.0,0.0,0.0,0.0,0.0,14,16.0,1.2
"Sasser Homes, Raleigh, NC",0.002,3,1.9,1.5,1.6,2.0,40.6,31.7,69375.0,757.0,38.1,56.9,29.1,36.2,3.8,25.7,1.2,19.5,32.6,0.0,39.0,70.9,0.0,0.0,0.0,0.06666666666666668,0.06666666666666668,15,6.0,1.5
"Scarsdale, Raleigh, NC",0.037000000000000005,54,1.6,0.8,1.6,27.0,54.9,36.9,81406.0,751.0,42.6,43.0,27.2,32.9,11.6,31.2,2.7,9.2,19.4,0.0,7.1,57.4,0.0,0.0,0.0,0.0,0.0,16,2.0,0.8
"Sedgefield, Raleigh, NC",0.055,1302,2.4,1.3,2.4,663.0,44.1,44.6,65810.0,662.0,29.0,57.3,32.6,38.6,12.7,53.6,1.0,13.6,17.3,2.5,18.7,72.4,0.0,1.0,0.0,0.0,0.0,10,18.0,1.3
"Seminary Lane Townhomes, Raleigh, NC",0.005,2,2.2,4.1,1.7,1.0,52.4,41.7,49125.0,678.0,22.5,66.1,48.4,32.8,10.7,38.4,0.8,13.2,25.1,0.0,78.2,85.3,0.0,0.0,0.0,0.0,0.0,9,17.0,4.1
"Sherwood Forest, Raleigh, NC",0.083,238,2.5,1.3,2.0,130.0,48.9,34.3,35000.0,769.0,24.2,67.6,3.8,41.6,7.6,26.7,0.5,16.6,20.7,3.3,34.2,90.7,0.0,0.0,0.0,0.0,0.0,5,,1.3
"Six Forks, Raleigh, NC",0.281,520,2.5,1.2,2.2,264.0,59.1,57.4,90701.0,1008.0,53.9,39.8,46.4,34.7,5.3,71.7,0.9,3.5,5.7,0.3,4.4,73.5,0.0,0.0,0.0,0.030303030303030307,0.0,2,7.0,1.2
"Sloans Garden Lane, Raleigh, NC",0.001,1,1.0,1.6462395543175488,259.8,0.5,0.0,0.0,81406.0,751.0,1.6,11.6,9.2,11.9,57.4,19.4,0.7,42.6,43.0,2.7,0.0,19.0,0.0,0.0,0.0,0.0,0.0,16,2.0,1.6462395543175488
"Somerset Place, Raleigh, NC",0.061,90,2.5,1.8,2.2,47.0,37.5,32.9,74803.0,928.0,34.4,38.8,39.6,63.2,26.8,60.8,0.0,8.8,17.3,16.3,19.7,90.6,0.0,0.3333333333333333,0.0,0.0,0.0,4,13.0,1.8
"South Park, Raleigh, NC",0.318,1566,2.7,0.9,1.4,881.0,30.3,34.2,20570.0,545.0,30.1,63.2,6.5,44.5,6.2,15.2,0.5,27.4,35.9,2.9,20.8,41.2,0.5,0.0,0.0,0.0,0.5,17,0.0,0.9
"South Six Forks, Raleigh, NC",0.084,68,1.7,1.2,2.0,31.0,44.7,43.6,50573.0,762.0,58.9,36.7,20.6,40.2,2.8,38.3,1.6,20.3,14.2,0.0,39.9,81.5,0.0,0.0,0.4,0.0,0.0,9,17.0,1.2
"Southall, Raleigh, NC",0.184,113,2.3,1.7,1.8,53.0,40.8,36.0,53929.0,895.0,42.0,45.8,24.7,37.7,10.9,34.1,1.3,24.9,22.6,2.8,18.9,86.6,0.0,0.0,0.0,0.0,0.0,0,12.0,1.7
"Spring Hill, Raleigh, NC",0.006,7,2.4,1.6,2.2,3.0,49.3,51.7,99444.0,1486.0,30.1,65.8,39.5,41.4,3.4,65.0,0.6,12.6,13.3,0.0,5.9,56.7,0.0,0.0,0.0,0.0,0.0,19,4.0,1.6
"Spring Pines, Raleigh, NC",0.043,63,2.5,1.8,2.2,33.0,37.5,32.9,74803.0,928.0,34.4,38.8,39.7,63.2,26.8,60.8,0.0,8.8,17.3,16.1,19.8,90.6,0.0,0.0,0.0,0.0,0.0,4,13.0,1.8
"Spring Valley, Raleigh, NC",0.053,64,2.4,1.6,2.2,30.0,49.3,51.7,99444.0,1486.0,30.1,65.8,36.8,41.4,3.4,65.0,0.6,12.6,13.3,0.0,5.5,56.7,0.0,0.0,0.0,0.0,0.0,19,4.0,1.6
"Springburg, Raleigh, NC",0.032,46,2.5,1.8,2.2,24.0,37.5,32.9,74803.0,928.0,34.4,38.8,40.2,63.2,26.8,60.8,0.0,8.8,17.3,14.6,20.0,90.6,0.03225806451612903,0.0,0.0,0.03225806451612903,0.0,4,13.0,1.8
"Springstone, Raleigh, NC",0.017,21,2.4,1.2,2.2,8.0,40.1,45.4,78250.0,846.0,54.3,40.8,21.9,62.3,1.7,52.7,3.2,19.8,6.4,0.0,11.1,81.6,0.0,0.0,0.0,0.0,0.0,4,13.0,1.2
"Stablegate, Raleigh, NC",0.004,3,1.7,1.6,1.6,1.0,29.0,28.1,60271.0,888.0,36.6,40.3,41.6,26.6,21.5,25.2,1.6,26.9,28.5,0.0,14.9,86.6,0.0,0.0,0.0,0.0,0.1,10,18.0,1.6
"Stafford Townhomes, Raleigh, NC",0.026000000000000002,37,1.6,0.7,1.6,18.0,54.9,36.9,81406.0,751.0,42.6,43.0,27.3,32.9,11.6,31.2,2.7,9.2,19.4,0.0,7.1,57.4,0.16666666666666666,0.0,0.0,0.0,0.0,16,2.0,0.7
"Starview, Raleigh, NC",0.031,70,2.6,1.8,2.1,36.0,53.1,44.2,147857.0,2081.0,38.2,56.0,37.7,50.1,5.5,67.8,0.3,8.0,9.3,0.0,1.6,56.8,0.0,0.0,0.0,0.0,0.0,1,1.0,1.8
"State Street, Raleigh, NC",0.004,16,2.8,0.8,1.8,9.0,37.0,32.5,18021.0,565.0,24.1,67.3,10.0,54.2,7.9,22.4,0.8,23.2,32.5,0.0,24.0,46.3,0.0,0.0,0.0,0.3333333333333333,0.0,17,0.0,0.8
"Stillwater, Raleigh, NC",0.004,5,2.4,1.3,2.5,2.0,29.3,32.6,46923.0,672.0,39.7,52.0,43.3,55.3,7.1,54.6,1.1,16.4,18.9,0.0,1.1,62.2,0.0,0.0,0.0,0.0,0.0,8,15.0,1.3
"Stillwood, Raleigh, NC",0.07,43,2.3,1.7,1.8,20.0,40.8,36.0,53929.0,895.0,42.0,45.8,24.9,37.7,10.9,34.1,1.3,24.9,22.6,0.0,19.0,86.6,0.0,0.0,0.0,0.0,0.0,0,12.0,1.7
"Stone Quarter Greystone, Raleigh, NC",0.047,115,2.2,2.0,1.8,60.0,37.3,34.4,76516.0,740.0,54.2,39.7,33.4,49.9,5.2,44.3,0.9,13.0,20.1,0.9,12.8,76.3,0.0,0.06666666666666668,0.0,0.06666666666666668,0.0,4,13.0,2.0
"Stonehaven, Raleigh, NC",0.01,12,2.4,1.2,2.2,5.0,40.1,45.4,78250.0,846.0,54.3,40.8,23.1,62.3,1.7,52.7,3.2,19.8,6.4,0.0,11.7,81.6,0.0,0.0,0.0,0.0,0.0,4,13.0,1.2
"Stowecroft, Raleigh, NC",0.08199999999999999,22,2.7,1.1,1.6,9.0,45.1,43.2,64691.0,949.0,39.7,36.8,25.9,59.3,21.5,51.8,2.0,19.9,9.2,0.0,19.0,81.9,0.0,0.0,0.0,0.0,0.0,10,18.0,1.1
"Stratford Court, Raleigh, NC",0.011000000000000001,13,2.4,1.6,2.2,6.0,49.3,51.7,99444.0,1486.0,30.1,65.8,37.3,41.4,3.4,65.0,0.6,12.6,13.3,0.0,5.5,56.7,0.0,0.0,0.0,0.0,0.0,19,4.0,1.6
"Stratford Park, Raleigh, NC",0.061,109,3.6,1.0,1.6,58.0,42.2,27.7,29928.0,737.0,24.2,67.6,15.0,32.1,7.6,19.6,0.5,24.4,25.2,5.8,13.1,79.3,0.0,0.0,0.0,0.0,0.0,13,9.0,1.0
"Stratton Park, Raleigh, NC",0.012,28,2.7,2.5,2.2,14.0,43.1,37.8,113750.0,982.0,36.9,54.2,32.5,53.0,6.7,68.8,2.3,9.7,11.5,0.0,4.2,69.2,0.0,0.25,0.0,0.0,0.0,14,16.0,2.5
"Sulgrave Manor, Raleigh, NC",0.003,7,2.6,1.8,2.1,3.0,53.1,44.2,147857.0,2081.0,38.2,56.0,38.1,50.1,5.5,67.8,0.3,8.0,9.3,0.0,1.6,56.8,0.0,0.0,0.0,0.0,0.0,1,1.0,1.8
